date,store_id,region,city,store_type,category,product,channel,customer_segment,units_sold,unit_price,discount_rate,revenue,cost,profit,returns,nps_score
2025-01-01,S011,北海道,札幌,小型,家電,エアコン,電話,会員,9,85000,0.05,726750,474300,252450,0,33.0
2025-01-01,S011,北海道,札幌,小型,衣料,Tシャツ,店頭,会員,14,2400,0.15,28560,14112,14448,0,34.5
2025-01-01,S011,北海道,札幌,小型,衣料,ダウンジャケット,店頭,プレミアム会員,13,18000,0,234000,117000,117000,0,54.4
2025-01-01,S011,北海道,札幌,小型,家電,冷蔵庫,店頭,法人,6,128000,0.1,691200,445439,245761,1,49.2
2025-01-01,S011,北海道,札幌,小型,食品,コーヒー豆,店頭,プレミアム会員,11,1280,0.2,11264,5632,5632,0,39.9
2025-01-01,S011,北海道,札幌,小型,食品,プレミアム米,店頭,一般,11,4800,0.15,44880,25344,19536,0,39.8
2025-01-01,S012,北海道,札幌,旗艦,日用品,洗剤,EC,法人,32,680,0,21760,9792,11968,0,19.0
2025-01-01,S012,北海道,札幌,旗艦,家電,冷蔵庫,電話,一般,54,128000,0.1,6220800,4008959,2211841,0,18.9
2025-01-01,S012,北海道,札幌,旗艦,衣料,Tシャツ,店頭,会員,34,2400,0.15,69360,34272,35088,0,26.8
2025-01-01,S021,東北,仙台,旗艦,家電,エアコン,EC,プレミアム会員,32,85000,0,2720000,1686400,1033600,1,72.9
2025-01-01,S021,東北,仙台,旗艦,日用品,洗剤,電話,プレミアム会員,43,680,0.15,24854,13158,11696,2,35.9
2025-01-01,S021,東北,仙台,旗艦,食品,プレミアム米,店頭,プレミアム会員,42,4800,0.15,171360,96768,74592,0,32.0
2025-01-01,S021,東北,仙台,旗艦,衣料,Tシャツ,EC,プレミアム会員,51,2400,0.1,110160,51408,58752,4,24.9
2025-01-01,S021,東北,仙台,旗艦,家電,テレビ,店頭,会員,40,95000,0.15,3230000,2090000,1140000,1,45.3
2025-01-01,S022,東北,仙台,小型,食品,プレミアム米,EC,プレミアム会員,15,4800,0,72000,34560,37440,0,42.5
2025-01-01,S022,東北,仙台,小型,衣料,Tシャツ,電話,プレミアム会員,9,2400,0.2,17280,9072,8208,0,40.5
2025-01-01,S022,東北,仙台,小型,日用品,ティッシュ,EC,会員,2,420,0.15,714,462,252,0,28.8
2025-01-01,S031,関東,東京,標準,衣料,Tシャツ,EC,会員,31,2400,0,74400,31248,43152,0,35.1
2025-01-01,S031,関東,東京,標準,家電,冷蔵庫,電話,一般,15,128000,0,1920000,1113600,806400,0,52.2
2025-01-01,S031,関東,東京,標準,食品,プレミアム米,EC,会員,16,4800,0,76800,36864,39936,0,45.5
2025-01-01,S031,関東,東京,標準,食品,コーヒー豆,店頭,一般,20,1280,0.2,20480,10240,10240,0,23.9
2025-01-01,S032,関東,東京,旗艦,衣料,Tシャツ,店頭,会員,42,2400,0.15,85680,42336,43344,0,66.3
2025-01-01,S032,関東,東京,旗艦,家電,テレビ,電話,プレミアム会員,26,95000,0,2470000,1358500,1111500,0,45.1
2025-01-01,S032,関東,東京,旗艦,衣料,ダウンジャケット,店頭,会員,48,18000,0.1,777600,432000,345600,1,34.5
2025-01-01,S032,関東,東京,旗艦,日用品,ティッシュ,電話,一般,43,420,0.2,14448,9933,4515,3,23.0
2025-01-01,S032,関東,東京,旗艦,食品,コーヒー豆,EC,法人,52,1280,0,66560,26624,39936,0,25.3
2025-01-01,S032,関東,東京,旗艦,日用品,洗剤,電話,法人,40,680,0.05,25840,12240,13600,1,32.0
2025-01-01,S041,中部,名古屋,旗艦,食品,コーヒー豆,店頭,法人,45,1280,0.15,48960,23040,25920,0,50.2
2025-01-01,S041,中部,名古屋,旗艦,食品,プレミアム米,店頭,会員,44,4800,0.05,200640,101376,99264,1,35.4
2025-01-01,S041,中部,名古屋,旗艦,日用品,洗剤,店頭,法人,52,680,0.2,28288,15912,12376,1,18.4
2025-01-01,S041,中部,名古屋,旗艦,衣料,ダウンジャケット,店頭,一般,70,18000,0.2,1008000,630000,378000,0,31.0
2025-01-01,S041,中部,名古屋,旗艦,家電,エアコン,EC,会員,52,85000,0.2,3536000,2740400,795600,0,32.4
2025-01-01,S041,中部,名古屋,旗艦,日用品,ティッシュ,EC,一般,49,420,0.2,16464,11319,5145,0,32.2
2025-01-01,S042,中部,名古屋,旗艦,家電,テレビ,電話,プレミアム会員,30,95000,0,2850000,1567500,1282500,1,49.2
2025-01-01,S042,中部,名古屋,旗艦,日用品,洗剤,電話,会員,53,680,0.2,28832,16218,12614,1,36.3
2025-01-01,S042,中部,名古屋,旗艦,衣料,Tシャツ,電話,会員,58,2400,0.05,132240,58464,73776,2,47.3
2025-01-01,S042,中部,名古屋,旗艦,家電,冷蔵庫,店頭,一般,30,128000,0.1,3456000,2227200,1228800,0,20.4
2025-01-01,S042,中部,名古屋,旗艦,家電,エアコン,EC,会員,35,85000,0.15,2528750,1844500,684250,0,21.3
2025-01-01,S042,中部,名古屋,旗艦,日用品,ティッシュ,EC,会員,35,420,0,14700,8085,6615,0,55.4
2025-01-01,S051,関西,大阪,小型,衣料,ダウンジャケット,電話,会員,7,18000,0.1,113400,63000,50400,0,57.8
2025-01-01,S051,関西,大阪,小型,家電,冷蔵庫,店頭,会員,8,128000,0.2,819200,593920,225280,0,20.2
2025-01-01,S051,関西,大阪,小型,家電,エアコン,電話,一般,9,85000,0.15,650250,474300,175950,0,20.8
2025-01-01,S052,関西,大阪,旗艦,家電,テレビ,店頭,会員,37,95000,0.15,2987750,1933250,1054500,2,19.9
2025-01-01,S052,関西,大阪,旗艦,日用品,ティッシュ,EC,法人,55,420,0,23100,12705,10395,2,17.0
2025-01-01,S052,関西,大阪,旗艦,家電,エアコン,店頭,法人,41,85000,0,3485000,2160700,1324300,0,32.3
2025-01-01,S061,中国,広島,小型,家電,テレビ,電話,一般,5,95000,0,475000,261250,213750,1,41.3
2025-01-01,S061,中国,広島,小型,衣料,ダウンジャケット,店頭,一般,13,18000,0,234000,117000,117000,0,26.8
2025-01-01,S061,中国,広島,小型,日用品,ティッシュ,EC,一般,10,420,0,4200,2310,1890,0,38.8
2025-01-01,S061,中国,広島,小型,食品,コーヒー豆,店頭,プレミアム会員,11,1280,0.05,13376,5632,7744,0,64.7
2025-01-01,S061,中国,広島,小型,日用品,洗剤,店頭,会員,9,680,0.2,4896,2754,2142,0,7.0
2025-01-01,S062,中国,広島,小型,家電,テレビ,EC,会員,9,95000,0,855000,470250,384750,1,27.5
2025-01-01,S062,中国,広島,小型,食品,コーヒー豆,EC,会員,10,1280,0,12800,5120,7680,0,17.8
2025-01-01,S062,中国,広島,小型,食品,プレミアム米,EC,会員,10,4800,0.05,45600,23040,22560,1,18.7
2025-01-01,S071,九州,福岡,小型,食品,コーヒー豆,店頭,一般,15,1280,0,19200,7680,11520,1,57.7
2025-01-01,S071,九州,福岡,小型,食品,プレミアム米,EC,一般,12,4800,0.15,48960,27648,21312,0,32.9
2025-01-01,S071,九州,福岡,小型,衣料,Tシャツ,電話,一般,7,2400,0.05,15960,7056,8904,0,25.4
2025-01-01,S071,九州,福岡,小型,日用品,ティッシュ,店頭,法人,16,420,0.1,6048,3696,2352,0,19.0
2025-01-01,S071,九州,福岡,小型,家電,テレビ,電話,会員,3,95000,0,285000,156750,128250,0,42.2
2025-01-01,S072,九州,福岡,旗艦,食品,コーヒー豆,EC,法人,31,1280,0.1,35712,15872,19840,1,38.7
2025-01-01,S072,九州,福岡,旗艦,家電,冷蔵庫,EC,会員,48,128000,0.1,5529600,3563519,1966081,0,24.8
2025-01-01,S072,九州,福岡,旗艦,衣料,Tシャツ,店頭,プレミアム会員,41,2400,0.1,88560,41328,47232,1,36.7
2025-01-01,S072,九州,福岡,旗艦,家電,テレビ,EC,法人,33,95000,0.15,2664750,1724250,940500,0,43.2
2025-01-01,S072,九州,福岡,旗艦,日用品,ティッシュ,電話,会員,34,420,0.15,12138,7854,4284,0,22.7
2025-01-08,S011,北海道,札幌,小型,日用品,ティッシュ,店頭,一般,7,420,0,2940,1617,1323,0,43.6
2025-01-08,S011,北海道,札幌,小型,日用品,洗剤,店頭,法人,6,680,0,4080,1836,2244,0,27.7
2025-01-08,S011,北海道,札幌,小型,食品,プレミアム米,EC,会員,7,4800,0,33600,16128,17472,0,28.9
2025-01-08,S011,北海道,札幌,小型,家電,冷蔵庫,店頭,法人,11,128000,0.15,1196800,816640,380160,1,26.2
2025-01-08,S012,北海道,札幌,旗艦,家電,冷蔵庫,電話,プレミアム会員,39,128000,0.2,3993600,2895360,1098240,1,34.6
2025-01-08,S012,北海道,札幌,旗艦,衣料,ダウンジャケット,電話,法人,51,18000,0,918000,459000,459000,0,29.5
2025-01-08,S012,北海道,札幌,旗艦,衣料,Tシャツ,EC,会員,30,2400,0.2,57600,30240,27360,0,14.4
2025-01-08,S012,北海道,札幌,旗艦,日用品,洗剤,電話,法人,33,680,0,22440,10098,12342,0,28.0
2025-01-08,S021,東北,仙台,旗艦,食品,コーヒー豆,EC,会員,31,1280,0.15,33728,15872,17856,0,42.1
2025-01-08,S021,東北,仙台,旗艦,家電,冷蔵庫,EC,法人,32,128000,0.05,3891200,2375680,1515520,0,14.2
2025-01-08,S021,東北,仙台,旗艦,衣料,ダウンジャケット,電話,一般,57,18000,0.2,820800,513000,307800,2,19.3
2025-01-08,S021,東北,仙台,旗艦,食品,プレミアム米,EC,一般,49,4800,0.05,223440,112896,110544,0,48.0
2025-01-08,S021,東北,仙台,旗艦,衣料,Tシャツ,EC,会員,20,2400,0.05,45600,20160,25440,0,42.6
2025-01-08,S022,東北,仙台,小型,食品,プレミアム米,電話,法人,9,4800,0,43200,20736,22464,0,44.7
2025-01-08,S022,東北,仙台,小型,食品,コーヒー豆,EC,一般,9,1280,0,11520,4608,6912,0,24.9
2025-01-08,S022,東北,仙台,小型,衣料,ダウンジャケット,EC,会員,13,18000,0,234000,117000,117000,0,19.5
2025-01-08,S031,関東,東京,標準,日用品,ティッシュ,電話,一般,23,420,0,9660,5313,4347,0,34.5
2025-01-08,S031,関東,東京,標準,食品,プレミアム米,電話,一般,22,4800,0,105600,50688,54912,0,38.9
2025-01-08,S031,関東,東京,標準,家電,テレビ,店頭,会員,14,95000,0.05,1263500,731500,532000,0,16.5
2025-01-08,S031,関東,東京,標準,家電,エアコン,店頭,法人,18,85000,0,1530000,948600,581400,0,5.7
2025-01-08,S031,関東,東京,標準,日用品,洗剤,電話,一般,11,680,0.2,5984,3366,2618,1,1.9
2025-01-08,S031,関東,東京,標準,食品,コーヒー豆,店頭,一般,29,1280,0.05,35264,14848,20416,0,14.9
2025-01-08,S032,関東,東京,旗艦,日用品,洗剤,EC,一般,51,680,0.2,27744,15606,12138,2,27.9
2025-01-08,S032,関東,東京,旗艦,家電,冷蔵庫,EC,法人,37,128000,0.15,4025600,2746880,1278720,0,17.3
2025-01-08,S032,関東,東京,旗艦,食品,コーヒー豆,EC,一般,59,1280,0.05,71744,30208,41536,2,25.8
2025-01-08,S041,中部,名古屋,旗艦,家電,テレビ,電話,法人,18,95000,0.1,1539000,940500,598500,0,27.3
2025-01-08,S041,中部,名古屋,旗艦,食品,プレミアム米,店頭,プレミアム会員,63,4800,0.05,287280,145152,142128,1,58.4
2025-01-08,S041,中部,名古屋,旗艦,家電,冷蔵庫,電話,法人,32,128000,0,4096000,2375680,1720320,1,33.4
2025-01-08,S041,中部,名古屋,旗艦,食品,コーヒー豆,EC,プレミアム会員,47,1280,0,60160,24064,36096,2,32.3
2025-01-08,S041,中部,名古屋,旗艦,日用品,ティッシュ,EC,一般,32,420,0,13440,7392,6048,0,27.4
2025-01-08,S041,中部,名古屋,旗艦,衣料,Tシャツ,店頭,法人,30,2400,0.15,61200,30240,30960,0,17.3
2025-01-08,S042,中部,名古屋,旗艦,家電,冷蔵庫,EC,会員,34,128000,0.05,4134400,2524160,1610240,1,19.6
2025-01-08,S042,中部,名古屋,旗艦,日用品,ティッシュ,電話,プレミアム会員,36,420,0,15120,8316,6804,0,35.9
2025-01-08,S042,中部,名古屋,旗艦,衣料,Tシャツ,EC,会員,49,2400,0,117600,49392,68208,1,28.7
2025-01-08,S051,関西,大阪,小型,日用品,洗剤,EC,プレミアム会員,2,680,0,1360,612,748,0,36.3
2025-01-08,S051,関西,大阪,小型,衣料,Tシャツ,EC,会員,9,2400,0,21600,9072,12528,1,25.1
2025-01-08,S051,関西,大阪,小型,食品,コーヒー豆,電話,プレミアム会員,18,1280,0.15,19584,9216,10368,1,39.1
2025-01-08,S051,関西,大阪,小型,衣料,ダウンジャケット,EC,一般,13,18000,0.05,222300,117000,105300,0,19.1
2025-01-08,S052,関西,大阪,旗艦,日用品,ティッシュ,店頭,法人,41,420,0.05,16359,9471,6888,2,37.6
2025-01-08,S052,関西,大阪,旗艦,衣料,ダウンジャケット,店頭,会員,53,18000,0,954000,477000,477000,2,37.8
2025-01-08,S052,関西,大阪,旗艦,家電,エアコン,電話,法人,44,85000,0.1,3366000,2318800,1047200,0,20.5
2025-01-08,S061,中国,広島,小型,衣料,ダウンジャケット,電話,一般,7,18000,0.2,100800,63000,37800,0,32.2
2025-01-08,S061,中国,広島,小型,衣料,Tシャツ,電話,一般,12,2400,0,28800,12096,16704,0,45.2
2025-01-08,S061,中国,広島,小型,家電,テレビ,店頭,一般,6,95000,0.05,541500,313500,228000,0,27.8
2025-01-08,S061,中国,広島,小型,日用品,ティッシュ,電話,プレミアム会員,12,420,0.15,4284,2772,1512,0,41.4
2025-01-08,S061,中国,広島,小型,日用品,洗剤,店頭,プレミアム会員,10,680,0.15,5780,3060,2720,0,47.6
2025-01-08,S061,中国,広島,小型,食品,プレミアム米,店頭,会員,8,4800,0.15,32640,18432,14208,0,37.6
2025-01-08,S062,中国,広島,小型,家電,冷蔵庫,電話,プレミアム会員,6,128000,0,768000,445439,322561,0,36.1
2025-01-08,S062,中国,広島,小型,家電,エアコン,電話,法人,3,85000,0.05,242250,158100,84150,0,31.7
2025-01-08,S062,中国,広島,小型,衣料,Tシャツ,EC,プレミアム会員,10,2400,0,24000,10080,13920,0,67.2
2025-01-08,S062,中国,広島,小型,家電,テレビ,電話,一般,8,95000,0.2,608000,418000,190000,0,21.6
2025-01-08,S071,九州,福岡,小型,家電,テレビ,電話,法人,11,95000,0.1,940500,574750,365750,0,9.7
2025-01-08,S071,九州,福岡,小型,衣料,ダウンジャケット,店頭,法人,13,18000,0,234000,117000,117000,0,35.8
2025-01-08,S071,九州,福岡,小型,日用品,ティッシュ,店頭,会員,7,420,0,2940,1617,1323,1,23.7
2025-01-08,S072,九州,福岡,旗艦,衣料,ダウンジャケット,EC,プレミアム会員,33,18000,0,594000,297000,297000,1,42.7
2025-01-08,S072,九州,福岡,旗艦,家電,冷蔵庫,電話,一般,31,128000,0.05,3769600,2301440,1468160,0,43.7
2025-01-08,S072,九州,福岡,旗艦,家電,テレビ,電話,法人,44,95000,0.15,3553000,2299000,1254000,0,31.4
2025-01-15,S011,北海道,札幌,小型,衣料,Tシャツ,店頭,一般,15,2400,0,36000,15120,20880,0,27.4
2025-01-15,S011,北海道,札幌,小型,家電,テレビ,店頭,法人,7,95000,0,665000,365750,299250,0,52.7
2025-01-15,S011,北海道,札幌,小型,衣料,ダウンジャケット,店頭,法人,15,18000,0,270000,135000,135000,0,10.9
2025-01-15,S011,北海道,札幌,小型,日用品,洗剤,電話,プレミアム会員,10,680,0.05,6460,3060,3400,1,16.0
2025-01-15,S011,北海道,札幌,小型,食品,コーヒー豆,店頭,法人,7,1280,0.1,8064,3584,4480,0,5.4
2025-01-15,S012,北海道,札幌,旗艦,日用品,ティッシュ,電話,プレミアム会員,38,420,0.2,12768,8778,3990,2,45.3
2025-01-15,S012,北海道,札幌,旗艦,食品,プレミアム米,電話,法人,48,4800,0.05,218880,110592,108288,0,21.4
2025-01-15,S012,北海道,札幌,旗艦,家電,テレビ,電話,法人,52,95000,0.05,4693000,2717000,1976000,2,20.1
2025-01-15,S021,東北,仙台,旗艦,食品,プレミアム米,店頭,プレミアム会員,39,4800,0.2,149760,89856,59904,0,18.7
2025-01-15,S021,東北,仙台,旗艦,日用品,洗剤,電話,会員,64,680,0.05,41344,19584,21760,1,28.6
2025-01-15,S021,東北,仙台,旗艦,衣料,Tシャツ,電話,プレミアム会員,60,2400,0.05,136800,60480,76320,0,66.4
2025-01-15,S021,東北,仙台,旗艦,衣料,ダウンジャケット,店頭,会員,59,18000,0.05,1008900,531000,477900,3,7.0
2025-01-15,S022,東北,仙台,小型,衣料,ダウンジャケット,電話,法人,7,18000,0.2,100800,63000,37800,0,23.2
2025-01-15,S022,東北,仙台,小型,日用品,ティッシュ,EC,法人,6,420,0.2,2016,1386,630,0,25.8
2025-01-15,S022,東北,仙台,小型,家電,テレビ,店頭,プレミアム会員,14,95000,0.05,1263500,731500,532000,0,65.1
2025-01-15,S031,関東,東京,標準,衣料,ダウンジャケット,EC,一般,22,18000,0,396000,198000,198000,0,33.6
2025-01-15,S031,関東,東京,標準,家電,テレビ,EC,プレミアム会員,17,95000,0.05,1534250,888250,646000,0,25.5
2025-01-15,S031,関東,東京,標準,食品,コーヒー豆,店頭,会員,17,1280,0,21760,8704,13056,0,22.5
2025-01-15,S032,関東,東京,旗艦,衣料,ダウンジャケット,電話,プレミアム会員,26,18000,0.2,374400,234000,140400,0,35.4
2025-01-15,S032,関東,東京,旗艦,家電,テレビ,電話,会員,42,95000,0,3990000,2194500,1795500,0,34.0
2025-01-15,S032,関東,東京,旗艦,家電,冷蔵庫,電話,プレミアム会員,31,128000,0,3968000,2301440,1666560,0,35.2
2025-01-15,S032,関東,東京,旗艦,日用品,洗剤,EC,法人,42,680,0,28560,12852,15708,0,45.6
2025-01-15,S041,中部,名古屋,旗艦,日用品,ティッシュ,EC,一般,23,420,0.15,8211,5313,2898,0,56.0
2025-01-15,S041,中部,名古屋,旗艦,家電,エアコン,電話,法人,35,85000,0.2,2380000,1844500,535500,1,24.4
2025-01-15,S041,中部,名古屋,旗艦,食品,プレミアム米,店頭,プレミアム会員,41,4800,0,196800,94464,102336,1,36.6
2025-01-15,S041,中部,名古屋,旗艦,食品,コーヒー豆,電話,会員,22,1280,0.15,23936,11264,12672,1,39.7
2025-01-15,S041,中部,名古屋,旗艦,日用品,洗剤,店頭,プレミアム会員,40,680,0,27200,12240,14960,0,44.4
2025-01-15,S042,中部,名古屋,旗艦,食品,コーヒー豆,電話,プレミアム会員,34,1280,0.1,39168,17408,21760,0,44.9
2025-01-15,S042,中部,名古屋,旗艦,食品,プレミアム米,店頭,プレミアム会員,64,4800,0.2,245760,147456,98304,0,38.2
2025-01-15,S042,中部,名古屋,旗艦,家電,冷蔵庫,店頭,法人,63,128000,0,8064000,4677120,3386880,2,54.2
2025-01-15,S042,中部,名古屋,旗艦,衣料,ダウンジャケット,電話,法人,65,18000,0,1170000,585000,585000,0,40.1
2025-01-15,S042,中部,名古屋,旗艦,衣料,Tシャツ,EC,一般,50,2400,0.05,114000,50400,63600,0,44.7
2025-01-15,S051,関西,大阪,小型,食品,プレミアム米,EC,一般,4,4800,0,19200,9216,9984,0,37.3
2025-01-15,S051,関西,大阪,小型,食品,コーヒー豆,店頭,法人,8,1280,0.15,8704,4096,4608,0,41.6
2025-01-15,S051,関西,大阪,小型,家電,エアコン,店頭,一般,12,85000,0.05,969000,632400,336600,0,36.5
2025-01-15,S051,関西,大阪,小型,衣料,ダウンジャケット,電話,会員,12,18000,0.05,205200,108000,97200,0,35.1
2025-01-15,S051,関西,大阪,小型,家電,冷蔵庫,電話,法人,5,128000,0.05,608000,371200,236800,0,17.2
2025-01-15,S052,関西,大阪,旗艦,日用品,ティッシュ,EC,会員,21,420,0.2,7056,4851,2205,0,55.7
2025-01-15,S052,関西,大阪,旗艦,家電,エアコン,EC,プレミアム会員,48,85000,0,4080000,2529600,1550400,1,66.2
2025-01-15,S052,関西,大阪,旗艦,食品,コーヒー豆,店頭,会員,32,1280,0.15,34816,16384,18432,0,5.4
2025-01-15,S052,関西,大阪,旗艦,家電,テレビ,店頭,プレミアム会員,40,95000,0.1,3420000,2090000,1330000,1,51.3
2025-01-15,S052,関西,大阪,旗艦,家電,冷蔵庫,電話,会員,61,128000,0.1,7027200,4528640,2498560,1,53.7
2025-01-15,S052,関西,大阪,旗艦,日用品,洗剤,EC,会員,43,680,0,29240,13158,16082,0,34.2
2025-01-15,S061,中国,広島,小型,衣料,Tシャツ,店頭,一般,9,2400,0,21600,9072,12528,1,32.0
2025-01-15,S061,中国,広島,小型,日用品,ティッシュ,店頭,プレミアム会員,12,420,0,5040,2772,2268,0,44.2
2025-01-15,S061,中国,広島,小型,食品,プレミアム米,電話,一般,6,4800,0.05,27360,13824,13536,0,33.6
2025-01-15,S061,中国,広島,小型,家電,冷蔵庫,電話,一般,7,128000,0.1,806400,519679,286721,0,50.2
2025-01-15,S062,中国,広島,小型,衣料,ダウンジャケット,EC,一般,12,18000,0.05,205200,108000,97200,0,17.4
2025-01-15,S062,中国,広島,小型,家電,エアコン,店頭,プレミアム会員,9,85000,0,765000,474300,290700,0,33.7
2025-01-15,S062,中国,広島,小型,衣料,Tシャツ,電話,プレミアム会員,8,2400,0.05,18240,8064,10176,1,44.5
2025-01-15,S062,中国,広島,小型,日用品,洗剤,EC,法人,13,680,0.2,7072,3978,3094,1,16.1
2025-01-15,S062,中国,広島,小型,食品,コーヒー豆,電話,会員,4,1280,0.05,4864,2048,2816,0,32.6
2025-01-15,S071,九州,福岡,小型,衣料,ダウンジャケット,EC,法人,10,18000,0,180000,90000,90000,0,24.7
2025-01-15,S071,九州,福岡,小型,食品,プレミアム米,店頭,一般,6,4800,0,28800,13824,14976,0,38.2
2025-01-15,S071,九州,福岡,小型,日用品,洗剤,EC,会員,6,680,0.1,3672,1836,1836,0,13.5
2025-01-15,S071,九州,福岡,小型,食品,コーヒー豆,EC,プレミアム会員,8,1280,0.2,8192,4096,4096,0,27.8
2025-01-15,S071,九州,福岡,小型,家電,エアコン,電話,一般,13,85000,0,1105000,685100,419900,0,41.4
2025-01-15,S072,九州,福岡,旗艦,衣料,ダウンジャケット,EC,プレミアム会員,52,18000,0,936000,468000,468000,1,29.4
2025-01-15,S072,九州,福岡,旗艦,日用品,洗剤,EC,一般,26,680,0.15,15028,7956,7072,0,29.2
2025-01-15,S072,九州,福岡,旗艦,食品,プレミアム米,電話,プレミアム会員,47,4800,0,225600,108288,117312,0,51.1
2025-01-15,S072,九州,福岡,旗艦,家電,エアコン,店頭,法人,57,85000,0,4845000,3003900,1841100,1,42.4
2025-01-22,S011,北海道,札幌,小型,食品,プレミアム米,電話,プレミアム会員,12,4800,0.2,46080,27648,18432,1,39.2
2025-01-22,S011,北海道,札幌,小型,衣料,ダウンジャケット,店頭,会員,13,18000,0.15,198900,117000,81900,1,41.3
2025-01-22,S011,北海道,札幌,小型,家電,テレビ,EC,法人,11,95000,0.1,940500,574750,365750,0,33.4
2025-01-22,S011,北海道,札幌,小型,家電,冷蔵庫,電話,一般,9,128000,0.15,979200,668160,311040,0,24.0
2025-01-22,S011,北海道,札幌,小型,衣料,Tシャツ,電話,プレミアム会員,7,2400,0,16800,7056,9744,0,79.0
2025-01-22,S011,北海道,札幌,小型,日用品,ティッシュ,店頭,一般,12,420,0.2,4032,2772,1260,2,36.0
2025-01-22,S012,北海道,札幌,旗艦,家電,冷蔵庫,店頭,会員,46,128000,0.05,5593600,3415039,2178561,0,28.2
2025-01-22,S012,北海道,札幌,旗艦,家電,エアコン,電話,プレミアム会員,61,85000,0,5185000,3214700,1970300,2,32.7
2025-01-22,S012,北海道,札幌,旗艦,日用品,洗剤,店頭,プレミアム会員,45,680,0.1,27540,13770,13770,0,50.3
2025-01-22,S012,北海道,札幌,旗艦,食品,コーヒー豆,電話,法人,36,1280,0,46080,18432,27648,1,43.7
2025-01-22,S012,北海道,札幌,旗艦,食品,プレミアム米,EC,プレミアム会員,65,4800,0,312000,149760,162240,0,47.2
2025-01-22,S021,東北,仙台,旗艦,食品,プレミアム米,EC,会員,55,4800,0.1,237600,126720,110880,1,4.0
2025-01-22,S021,東北,仙台,旗艦,家電,冷蔵庫,EC,プレミアム会員,38,128000,0.15,4134400,2821120,1313280,2,40.5
2025-01-22,S021,東北,仙台,旗艦,日用品,洗剤,店頭,会員,47,680,0,31960,14382,17578,1,13.8
2025-01-22,S021,東北,仙台,旗艦,家電,テレビ,電話,一般,27,95000,0,2565000,1410750,1154250,1,24.9
2025-01-22,S021,東北,仙台,旗艦,食品,コーヒー豆,EC,法人,29,1280,0.15,31552,14848,16704,0,18.9
2025-01-22,S021,東北,仙台,旗艦,衣料,ダウンジャケット,電話,プレミアム会員,31,18000,0,558000,279000,279000,0,50.0
2025-01-22,S022,東北,仙台,小型,日用品,ティッシュ,EC,法人,9,420,0.2,3024,2079,945,0,26.0
2025-01-22,S022,東北,仙台,小型,家電,エアコン,店頭,法人,14,85000,0.05,1130500,737800,392700,0,15.6
2025-01-22,S022,東北,仙台,小型,家電,テレビ,電話,一般,4,95000,0.15,323000,209000,114000,0,36.2
2025-01-22,S022,東北,仙台,小型,衣料,Tシャツ,電話,会員,14,2400,0,33600,14112,19488,0,36.7
2025-01-22,S022,東北,仙台,小型,衣料,ダウンジャケット,EC,一般,9,18000,0,162000,81000,81000,0,20.3
2025-01-22,S031,関東,東京,標準,食品,コーヒー豆,EC,プレミアム会員,2,1280,0.15,2176,1024,1152,0,32.8
2025-01-22,S031,関東,東京,標準,衣料,Tシャツ,電話,プレミアム会員,26,2400,0.15,53040,26208,26832,0,38.1
2025-01-22,S031,関東,東京,標準,家電,テレビ,電話,会員,25,95000,0,2375000,1306250,1068750,1,38.7
2025-01-22,S031,関東,東京,標準,日用品,洗剤,EC,プレミアム会員,32,680,0.05,20672,9792,10880,0,58.0
2025-01-22,S032,関東,東京,旗艦,日用品,ティッシュ,EC,会員,53,420,0.15,18921,12243,6678,0,2.2
2025-01-22,S032,関東,東京,旗艦,食品,プレミアム米,電話,一般,32,4800,0,153600,73728,79872,0,40.2
2025-01-22,S032,関東,東京,旗艦,食品,コーヒー豆,店頭,プレミアム会員,41,1280,0.2,41984,20992,20992,0,45.7
2025-01-22,S041,中部,名古屋,旗艦,家電,テレビ,電話,一般,27,95000,0.1,2308500,1410750,897750,0,37.9
2025-01-22,S041,中部,名古屋,旗艦,家電,冷蔵庫,店頭,会員,48,128000,0.2,4915200,3563519,1351681,0,14.3
2025-01-22,S041,中部,名古屋,旗艦,衣料,Tシャツ,店頭,法人,54,2400,0.15,110160,54432,55728,1,31.0
2025-01-22,S041,中部,名古屋,旗艦,家電,エアコン,EC,法人,52,85000,0,4420000,2740400,1679600,0,27.8
2025-01-22,S042,中部,名古屋,旗艦,日用品,洗剤,EC,法人,27,680,0,18360,8262,10098,0,38.8
2025-01-22,S042,中部,名古屋,旗艦,食品,コーヒー豆,店頭,プレミアム会員,20,1280,0,25600,10240,15360,0,26.1
2025-01-22,S042,中部,名古屋,旗艦,衣料,ダウンジャケット,電話,一般,40,18000,0,720000,360000,360000,0,25.5
2025-01-22,S042,中部,名古屋,旗艦,日用品,ティッシュ,EC,法人,59,420,0.1,22302,13629,8673,1,40.3
2025-01-22,S042,中部,名古屋,旗艦,衣料,Tシャツ,店頭,法人,64,2400,0.05,145920,64512,81408,0,43.4
2025-01-22,S042,中部,名古屋,旗艦,食品,プレミアム米,店頭,法人,44,4800,0,211200,101376,109824,0,32.0
2025-01-22,S051,関西,大阪,小型,食品,コーヒー豆,店頭,プレミアム会員,12,1280,0.2,12288,6144,6144,0,57.1
2025-01-22,S051,関西,大阪,小型,家電,テレビ,EC,一般,13,95000,0,1235000,679250,555750,0,31.0
2025-01-22,S051,関西,大阪,小型,家電,冷蔵庫,店頭,法人,11,128000,0,1408000,816640,591360,0,36.4
2025-01-22,S052,関西,大阪,旗艦,家電,冷蔵庫,電話,会員,46,128000,0.15,5004800,3415039,1589761,1,40.0
2025-01-22,S052,関西,大阪,旗艦,衣料,Tシャツ,電話,プレミアム会員,44,2400,0.15,89760,44352,45408,1,37.8
2025-01-22,S052,関西,大阪,旗艦,食品,プレミアム米,EC,一般,27,4800,0.1,116640,62208,54432,0,24.2
2025-01-22,S052,関西,大阪,旗艦,日用品,洗剤,電話,一般,29,680,0.15,16762,8874,7888,1,21.2
2025-01-22,S052,関西,大阪,旗艦,日用品,ティッシュ,電話,一般,47,420,0,19740,10857,8883,1,19.3
2025-01-22,S052,関西,大阪,旗艦,家電,エアコン,電話,一般,42,85000,0,3570000,2213400,1356600,0,37.5
2025-01-22,S061,中国,広島,小型,家電,テレビ,店頭,一般,12,95000,0.15,969000,627000,342000,0,16.9
2025-01-22,S061,中国,広島,小型,衣料,ダウンジャケット,EC,会員,12,18000,0,216000,108000,108000,0,25.9
2025-01-22,S061,中国,広島,小型,食品,コーヒー豆,EC,法人,12,1280,0,15360,6144,9216,1,33.9
2025-01-22,S061,中国,広島,小型,日用品,洗剤,EC,プレミアム会員,10,680,0.15,5780,3060,2720,0,42.0
2025-01-22,S061,中国,広島,小型,家電,冷蔵庫,EC,法人,11,128000,0.05,1337600,816640,520960,0,4.6
2025-01-22,S062,中国,広島,小型,食品,コーヒー豆,電話,プレミアム会員,11,1280,0,14080,5632,8448,0,9.5
2025-01-22,S062,中国,広島,小型,家電,テレビ,店頭,プレミアム会員,14,95000,0,1330000,731500,598500,0,51.4
2025-01-22,S062,中国,広島,小型,日用品,洗剤,EC,プレミアム会員,5,680,0,3400,1530,1870,0,40.9
2025-01-22,S062,中国,広島,小型,衣料,Tシャツ,店頭,プレミアム会員,8,2400,0.1,17280,8064,9216,0,44.9
2025-01-22,S062,中国,広島,小型,食品,プレミアム米,店頭,一般,8,4800,0.1,34560,18432,16128,0,35.7
2025-01-22,S062,中国,広島,小型,衣料,ダウンジャケット,店頭,会員,6,18000,0.2,86400,54000,32400,0,16.9
2025-01-22,S071,九州,福岡,小型,家電,テレビ,電話,プレミアム会員,5,95000,0,475000,261250,213750,1,30.7
2025-01-22,S071,九州,福岡,小型,家電,冷蔵庫,EC,プレミアム会員,7,128000,0.05,851200,519679,331521,0,29.4
2025-01-22,S071,九州,福岡,小型,衣料,ダウンジャケット,電話,プレミアム会員,7,18000,0,126000,63000,63000,1,47.7
2025-01-22,S072,九州,福岡,旗艦,衣料,ダウンジャケット,EC,プレミアム会員,43,18000,0.15,657900,387000,270900,0,58.3
2025-01-22,S072,九州,福岡,旗艦,食品,プレミアム米,EC,法人,41,4800,0,196800,94464,102336,1,5.5
2025-01-22,S072,九州,福岡,旗艦,日用品,ティッシュ,EC,一般,47,420,0.2,15792,10857,4935,0,8.9
2025-01-22,S072,九州,福岡,旗艦,家電,エアコン,EC,プレミアム会員,36,85000,0,3060000,1897200,1162800,0,63.2
2025-01-29,S011,北海道,札幌,小型,食品,コーヒー豆,店頭,会員,6,1280,0.2,6144,3072,3072,0,30.4
2025-01-29,S011,北海道,札幌,小型,日用品,洗剤,電話,プレミアム会員,1,680,0,680,306,374,0,41.1
2025-01-29,S011,北海道,札幌,小型,家電,エアコン,EC,法人,9,85000,0.15,650250,474300,175950,0,15.6
2025-01-29,S011,北海道,札幌,小型,家電,冷蔵庫,EC,一般,11,128000,0,1408000,816640,591360,0,12.8
2025-01-29,S012,北海道,札幌,旗艦,家電,テレビ,電話,一般,45,95000,0.2,3420000,2351250,1068750,1,34.9
2025-01-29,S012,北海道,札幌,旗艦,衣料,Tシャツ,店頭,会員,35,2400,0,84000,35280,48720,2,43.7
2025-01-29,S012,北海道,札幌,旗艦,食品,プレミアム米,EC,一般,35,4800,0,168000,80640,87360,1,58.3
2025-01-29,S012,北海道,札幌,旗艦,家電,冷蔵庫,EC,会員,28,128000,0,3584000,2078719,1505281,0,22.7
2025-01-29,S012,北海道,札幌,旗艦,日用品,洗剤,電話,会員,39,680,0,26520,11934,14586,0,13.9
2025-01-29,S021,東北,仙台,旗艦,家電,エアコン,EC,会員,41,85000,0.15,2962250,2160700,801550,0,54.7
2025-01-29,S021,東北,仙台,旗艦,衣料,Tシャツ,電話,プレミアム会員,48,2400,0.15,97920,48384,49536,2,41.3
2025-01-29,S021,東北,仙台,旗艦,衣料,ダウンジャケット,電話,法人,42,18000,0,756000,378000,378000,1,36.8
2025-01-29,S021,東北,仙台,旗艦,食品,プレミアム米,EC,会員,50,4800,0,240000,115200,124800,0,23.5
2025-01-29,S021,東北,仙台,旗艦,日用品,ティッシュ,電話,プレミアム会員,37,420,0.05,14763,8547,6216,0,52.9
2025-01-29,S022,東北,仙台,小型,食品,コーヒー豆,店頭,プレミアム会員,12,1280,0.05,14592,6144,8448,0,50.4
2025-01-29,S022,東北,仙台,小型,日用品,洗剤,EC,法人,12,680,0.2,6528,3672,2856,0,48.0
2025-01-29,S022,東北,仙台,小型,衣料,ダウンジャケット,電話,プレミアム会員,7,18000,0,126000,63000,63000,0,31.0
2025-01-29,S031,関東,東京,標準,衣料,ダウンジャケット,電話,法人,28,18000,0,504000,252000,252000,0,39.3
2025-01-29,S031,関東,東京,標準,日用品,ティッシュ,電話,法人,23,420,0,9660,5313,4347,0,24.7
2025-01-29,S031,関東,東京,標準,日用品,洗剤,EC,会員,29,680,0.2,15776,8874,6902,0,27.0
2025-01-29,S031,関東,東京,標準,家電,エアコン,店頭,会員,23,85000,0,1955000,1212100,742900,0,28.5
2025-01-29,S031,関東,東京,標準,食品,コーヒー豆,電話,法人,22,1280,0.1,25344,11264,14080,0,27.4
2025-01-29,S031,関東,東京,標準,食品,プレミアム米,店頭,法人,18,4800,0,86400,41472,44928,0,19.5
2025-01-29,S032,関東,東京,旗艦,家電,テレビ,電話,一般,46,95000,0,4370000,2403500,1966500,1,34.8
2025-01-29,S032,関東,東京,旗艦,日用品,洗剤,店頭,会員,26,680,0,17680,7956,9724,1,25.6
2025-01-29,S032,関東,東京,旗艦,日用品,ティッシュ,EC,プレミアム会員,28,420,0.1,10584,6468,4116,0,26.5
2025-01-29,S032,関東,東京,旗艦,食品,プレミアム米,EC,法人,36,4800,0.2,138240,82944,55296,1,31.1
2025-01-29,S032,関東,東京,旗艦,衣料,ダウンジャケット,店頭,法人,25,18000,0.15,382500,225000,157500,0,41.7
2025-01-29,S041,中部,名古屋,旗艦,日用品,ティッシュ,店頭,法人,27,420,0,11340,6237,5103,0,22.0
2025-01-29,S041,中部,名古屋,旗艦,日用品,洗剤,電話,一般,44,680,0.05,28424,13464,14960,1,40.7
2025-01-29,S041,中部,名古屋,旗艦,食品,コーヒー豆,EC,法人,54,1280,0.2,55296,27648,27648,2,14.2
2025-01-29,S041,中部,名古屋,旗艦,家電,エアコン,電話,会員,24,85000,0.15,1734000,1264800,469200,0,18.4
2025-01-29,S041,中部,名古屋,旗艦,衣料,Tシャツ,店頭,法人,45,2400,0.1,97200,45360,51840,0,39.4
2025-01-29,S041,中部,名古屋,旗艦,衣料,ダウンジャケット,電話,プレミアム会員,37,18000,0,666000,333000,333000,0,43.2
2025-01-29,S042,中部,名古屋,旗艦,日用品,ティッシュ,EC,法人,49,420,0,20580,11319,9261,0,19.6
2025-01-29,S042,中部,名古屋,旗艦,日用品,洗剤,電話,プレミアム会員,36,680,0.1,22032,11016,11016,1,20.6
2025-01-29,S042,中部,名古屋,旗艦,食品,コーヒー豆,EC,会員,63,1280,0,80640,32256,48384,3,37.8
2025-01-29,S042,中部,名古屋,旗艦,食品,プレミアム米,店頭,プレミアム会員,55,4800,0.15,224400,126720,97680,0,37.0
2025-01-29,S042,中部,名古屋,旗艦,衣料,ダウンジャケット,電話,プレミアム会員,45,18000,0.1,729000,405000,324000,0,38.8
2025-01-29,S051,関西,大阪,小型,日用品,洗剤,店頭,会員,12,680,0.15,6936,3672,3264,0,12.1
2025-01-29,S051,関西,大阪,小型,家電,エアコン,店頭,一般,10,85000,0.1,765000,527000,238000,0,29.0
2025-01-29,S051,関西,大阪,小型,食品,コーヒー豆,電話,法人,8,1280,0,10240,4096,6144,0,22.5
2025-01-29,S051,関西,大阪,小型,日用品,ティッシュ,店頭,会員,13,420,0.1,4914,3003,1911,0,6.7
2025-01-29,S052,関西,大阪,旗艦,家電,テレビ,店頭,一般,52,95000,0.05,4693000,2717000,1976000,1,37.8
2025-01-29,S052,関西,大阪,旗艦,食品,プレミアム米,EC,一般,58,4800,0,278400,133632,144768,0,45.6
2025-01-29,S052,関西,大阪,旗艦,衣料,ダウンジャケット,EC,プレミアム会員,27,18000,0.1,437400,243000,194400,0,16.7
2025-01-29,S061,中国,広島,小型,日用品,ティッシュ,電話,法人,10,420,0.15,3570,2310,1260,0,37.7
2025-01-29,S061,中国,広島,小型,日用品,洗剤,電話,プレミアム会員,10,680,0.2,5440,3060,2380,0,50.8
2025-01-29,S061,中国,広島,小型,食品,プレミアム米,電話,法人,13,4800,0.2,49920,29952,19968,0,34.7
2025-01-29,S061,中国,広島,小型,家電,エアコン,EC,一般,10,85000,0,850000,527000,323000,0,31.3
2025-01-29,S061,中国,広島,小型,家電,テレビ,EC,会員,9,95000,0.05,812250,470250,342000,0,0.2
2025-01-29,S061,中国,広島,小型,家電,冷蔵庫,EC,一般,9,128000,0,1152000,668160,483840,1,35.6
2025-01-29,S062,中国,広島,小型,家電,テレビ,電話,一般,10,95000,0.15,807500,522500,285000,0,25.0
2025-01-29,S062,中国,広島,小型,食品,プレミアム米,電話,会員,10,4800,0,48000,23040,24960,0,-4.6
2025-01-29,S062,中国,広島,小型,食品,コーヒー豆,EC,法人,12,1280,0.15,13056,6144,6912,0,25.9
2025-01-29,S062,中国,広島,小型,日用品,ティッシュ,電話,会員,10,420,0.1,3780,2310,1470,0,33.5
2025-01-29,S062,中国,広島,小型,衣料,Tシャツ,EC,プレミアム会員,10,2400,0,24000,10080,13920,0,42.1
2025-01-29,S071,九州,福岡,小型,衣料,Tシャツ,電話,法人,12,2400,0.1,25920,12096,13824,0,4.4
2025-01-29,S071,九州,福岡,小型,家電,テレビ,EC,一般,10,95000,0.05,902500,522500,380000,0,39.2
2025-01-29,S071,九州,福岡,小型,家電,冷蔵庫,電話,一般,5,128000,0,640000,371200,268800,0,28.0
2025-01-29,S071,九州,福岡,小型,衣料,ダウンジャケット,店頭,会員,8,18000,0.1,129600,72000,57600,1,35.6
2025-01-29,S072,九州,福岡,旗艦,衣料,Tシャツ,EC,一般,42,2400,0,100800,42336,58464,1,33.3
2025-01-29,S072,九州,福岡,旗艦,家電,エアコン,電話,法人,6,85000,0,510000,316200,193800,1,29.5
2025-01-29,S072,九州,福岡,旗艦,衣料,ダウンジャケット,EC,法人,71,18000,0.2,1022400,639000,383400,2,13.1
2025-02-05,S011,北海道,札幌,小型,家電,冷蔵庫,店頭,会員,8,128000,0.2,819200,593920,225280,0,30.1
2025-02-05,S011,北海道,札幌,小型,家電,テレビ,EC,法人,8,95000,0.1,684000,418000,266000,0,23.7
2025-02-05,S011,北海道,札幌,小型,日用品,ティッシュ,EC,プレミアム会員,11,420,0,4620,2541,2079,0,72.9
2025-02-05,S011,北海道,札幌,小型,日用品,洗剤,電話,一般,14,680,0.1,8568,4284,4284,0,32.5
2025-02-05,S011,北海道,札幌,小型,食品,プレミアム米,店頭,会員,3,4800,0,14400,6912,7488,1,36.6
2025-02-05,S012,北海道,札幌,旗艦,家電,エアコン,店頭,会員,40,85000,0,3400000,2108000,1292000,0,20.1
2025-02-05,S012,北海道,札幌,旗艦,日用品,洗剤,電話,プレミアム会員,39,680,0.1,23868,11934,11934,0,34.7
2025-02-05,S012,北海道,札幌,旗艦,食品,コーヒー豆,EC,会員,37,1280,0.15,40256,18944,21312,1,17.7
2025-02-05,S012,北海道,札幌,旗艦,衣料,Tシャツ,EC,一般,42,2400,0.1,90720,42336,48384,2,22.2
2025-02-05,S012,北海道,札幌,旗艦,衣料,ダウンジャケット,店頭,法人,40,18000,0,720000,360000,360000,0,46.7
2025-02-05,S012,北海道,札幌,旗艦,日用品,ティッシュ,電話,プレミアム会員,33,420,0.15,11781,7623,4158,0,48.4
2025-02-05,S021,東北,仙台,旗艦,家電,テレビ,EC,一般,10,95000,0.1,855000,522500,332500,0,18.3
2025-02-05,S021,東北,仙台,旗艦,衣料,ダウンジャケット,EC,会員,41,18000,0,738000,369000,369000,0,8.4
2025-02-05,S021,東北,仙台,旗艦,家電,冷蔵庫,EC,一般,17,128000,0,2176000,1262080,913920,0,27.9
2025-02-05,S021,東北,仙台,旗艦,食品,プレミアム米,電話,一般,57,4800,0.2,218880,131328,87552,2,39.6
2025-02-05,S021,東北,仙台,旗艦,衣料,Tシャツ,電話,会員,19,2400,0,45600,19152,26448,0,21.4
2025-02-05,S021,東北,仙台,旗艦,食品,コーヒー豆,店頭,会員,64,1280,0.15,69632,32768,36864,4,61.8
2025-02-05,S022,東北,仙台,小型,日用品,洗剤,EC,法人,5,680,0,3400,1530,1870,0,29.0
2025-02-05,S022,東北,仙台,小型,衣料,Tシャツ,EC,法人,14,2400,0,33600,14112,19488,0,11.8
2025-02-05,S022,東北,仙台,小型,衣料,ダウンジャケット,EC,会員,8,18000,0.1,129600,72000,57600,0,43.0
2025-02-05,S022,東北,仙台,小型,家電,冷蔵庫,店頭,プレミアム会員,6,128000,0.1,691200,445439,245761,1,38.7
2025-02-05,S022,東北,仙台,小型,日用品,ティッシュ,EC,プレミアム会員,11,420,0.05,4389,2541,1848,0,36.8
2025-02-05,S022,東北,仙台,小型,家電,テレビ,電話,プレミアム会員,9,95000,0,855000,470250,384750,0,31.2
2025-02-05,S031,関東,東京,標準,衣料,ダウンジャケット,電話,法人,29,18000,0.15,443700,261000,182700,2,44.1
2025-02-05,S031,関東,東京,標準,家電,テレビ,店頭,一般,19,95000,0.2,1444000,992750,451250,0,30.3
2025-02-05,S031,関東,東京,標準,食品,コーヒー豆,電話,会員,25,1280,0,32000,12800,19200,0,18.4
2025-02-05,S031,関東,東京,標準,衣料,Tシャツ,電話,法人,23,2400,0.15,46920,23184,23736,0,30.1
2025-02-05,S031,関東,東京,標準,家電,冷蔵庫,電話,法人,30,128000,0,3840000,2227200,1612800,0,20.4
2025-02-05,S031,関東,東京,標準,日用品,ティッシュ,電話,法人,20,420,0.2,6720,4620,2100,0,27.2
2025-02-05,S032,関東,東京,旗艦,衣料,Tシャツ,店頭,プレミアム会員,47,2400,0.05,107160,47376,59784,0,71.7
2025-02-05,S032,関東,東京,旗艦,家電,テレビ,EC,会員,54,95000,0.15,4360500,2821500,1539000,1,48.0
2025-02-05,S032,関東,東京,旗艦,家電,冷蔵庫,店頭,一般,49,128000,0.1,5644800,3637759,2007041,1,13.1
2025-02-05,S041,中部,名古屋,旗艦,家電,冷蔵庫,電話,プレミアム会員,42,128000,0.1,4838400,3118080,1720320,3,40.4
2025-02-05,S041,中部,名古屋,旗艦,衣料,ダウンジャケット,電話,一般,47,18000,0.15,719100,423000,296100,3,40.4
2025-02-05,S041,中部,名古屋,旗艦,食品,プレミアム米,店頭,一般,31,4800,0.15,126480,71424,55056,2,18.4
2025-02-05,S041,中部,名古屋,旗艦,日用品,洗剤,電話,一般,50,680,0,34000,15300,18700,2,45.5
2025-02-05,S042,中部,名古屋,旗艦,家電,冷蔵庫,電話,プレミアム会員,36,128000,0.05,4377600,2672640,1704960,0,38.4
2025-02-05,S042,中部,名古屋,旗艦,日用品,ティッシュ,電話,一般,7,420,0,2940,1617,1323,0,37.1
2025-02-05,S042,中部,名古屋,旗艦,衣料,Tシャツ,店頭,プレミアム会員,49,2400,0.1,105840,49392,56448,1,15.3
2025-02-05,S042,中部,名古屋,旗艦,衣料,ダウンジャケット,EC,プレミアム会員,53,18000,0.05,906300,477000,429300,1,33.8
2025-02-05,S042,中部,名古屋,旗艦,食品,プレミアム米,EC,法人,40,4800,0,192000,92160,99840,0,14.1
2025-02-05,S042,中部,名古屋,旗艦,日用品,洗剤,店頭,プレミアム会員,45,680,0,30600,13770,16830,0,43.7
2025-02-05,S051,関西,大阪,小型,食品,プレミアム米,店頭,一般,12,4800,0,57600,27648,29952,0,36.9
2025-02-05,S051,関西,大阪,小型,食品,コーヒー豆,店頭,会員,12,1280,0.1,13824,6144,7680,0,18.4
2025-02-05,S051,関西,大阪,小型,家電,テレビ,店頭,一般,8,95000,0,760000,418000,342000,0,24.6
2025-02-05,S051,関西,大阪,小型,家電,エアコン,EC,法人,13,85000,0.2,884000,685100,198900,0,52.2
2025-02-05,S052,関西,大阪,旗艦,衣料,Tシャツ,店頭,会員,57,2400,0,136800,57456,79344,0,43.3
2025-02-05,S052,関西,大阪,旗艦,家電,テレビ,店頭,会員,28,95000,0.05,2527000,1463000,1064000,0,32.3
2025-02-05,S052,関西,大阪,旗艦,食品,コーヒー豆,店頭,法人,28,1280,0.1,32256,14336,17920,0,21.1
2025-02-05,S052,関西,大阪,旗艦,日用品,洗剤,店頭,プレミアム会員,52,680,0.2,28288,15912,12376,1,29.2
2025-02-05,S061,中国,広島,小型,衣料,ダウンジャケット,店頭,プレミアム会員,7,18000,0,126000,63000,63000,0,33.8
2025-02-05,S061,中国,広島,小型,食品,コーヒー豆,EC,プレミアム会員,11,1280,0,14080,5632,8448,1,40.2
2025-02-05,S061,中国,広島,小型,日用品,洗剤,EC,会員,14,680,0,9520,4284,5236,0,45.5
2025-02-05,S061,中国,広島,小型,衣料,Tシャツ,EC,プレミアム会員,13,2400,0.1,28080,13104,14976,1,52.6
2025-02-05,S061,中国,広島,小型,日用品,ティッシュ,電話,一般,9,420,0.15,3213,2079,1134,0,34.5
2025-02-05,S062,中国,広島,小型,日用品,ティッシュ,電話,プレミアム会員,10,420,0.15,3570,2310,1260,1,34.7
2025-02-05,S062,中国,広島,小型,家電,冷蔵庫,EC,法人,11,128000,0.1,1267200,816640,450560,0,38.3
2025-02-05,S062,中国,広島,小型,食品,プレミアム米,電話,法人,4,4800,0,19200,9216,9984,0,23.4
2025-02-05,S062,中国,広島,小型,日用品,洗剤,電話,一般,4,680,0,2720,1224,1496,0,12.6
2025-02-05,S062,中国,広島,小型,食品,コーヒー豆,EC,会員,9,1280,0.15,9792,4608,5184,0,24.7
2025-02-05,S062,中国,広島,小型,衣料,ダウンジャケット,EC,法人,8,18000,0,144000,72000,72000,0,30.6
2025-02-05,S071,九州,福岡,小型,衣料,ダウンジャケット,電話,会員,10,18000,0,180000,90000,90000,0,22.4
2025-02-05,S071,九州,福岡,小型,食品,コーヒー豆,店頭,一般,16,1280,0.2,16384,8192,8192,0,27.6
2025-02-05,S071,九州,福岡,小型,日用品,洗剤,EC,プレミアム会員,8,680,0.05,5168,2448,2720,0,41.9
2025-02-05,S071,九州,福岡,小型,食品,プレミアム米,電話,法人,11,4800,0,52800,25344,27456,0,31.5
2025-02-05,S072,九州,福岡,旗艦,家電,エアコン,店頭,会員,57,85000,0.1,4360500,3003900,1356600,0,33.2
2025-02-05,S072,九州,福岡,旗艦,食品,コーヒー豆,電話,法人,46,1280,0.05,55936,23552,32384,1,42.1
2025-02-05,S072,九州,福岡,旗艦,衣料,ダウンジャケット,店頭,会員,35,18000,0,630000,315000,315000,0,28.0
2025-02-12,S011,北海道,札幌,小型,食品,プレミアム米,EC,一般,3,4800,0.1,12960,6912,6048,1,44.5
2025-02-12,S011,北海道,札幌,小型,衣料,Tシャツ,店頭,プレミアム会員,9,2400,0,21600,9072,12528,1,38.4
2025-02-12,S011,北海道,札幌,小型,家電,エアコン,電話,プレミアム会員,6,85000,0.1,459000,316200,142800,0,52.7
2025-02-12,S011,北海道,札幌,小型,食品,コーヒー豆,店頭,プレミアム会員,8,1280,0,10240,4096,6144,1,52.3
2025-02-12,S011,北海道,札幌,小型,家電,冷蔵庫,EC,一般,5,128000,0.15,544000,371200,172800,0,34.5
2025-02-12,S011,北海道,札幌,小型,日用品,ティッシュ,EC,一般,11,420,0.1,4158,2541,1617,1,17.6
2025-02-12,S012,北海道,札幌,旗艦,食品,プレミアム米,電話,会員,50,4800,0.05,228000,115200,112800,0,37.5
2025-02-12,S012,北海道,札幌,旗艦,家電,テレビ,EC,一般,59,95000,0.05,5324750,3082750,2242000,0,44.4
2025-02-12,S012,北海道,札幌,旗艦,日用品,洗剤,電話,法人,56,680,0.05,36176,17136,19040,0,18.6
2025-02-12,S012,北海道,札幌,旗艦,食品,コーヒー豆,EC,法人,47,1280,0.2,48128,24064,24064,2,30.7
2025-02-12,S012,北海道,札幌,旗艦,日用品,ティッシュ,EC,会員,30,420,0.1,11340,6930,4410,0,50.3
2025-02-12,S012,北海道,札幌,旗艦,家電,冷蔵庫,電話,法人,34,128000,0,4352000,2524160,1827840,0,28.3
2025-02-12,S021,東北,仙台,旗艦,衣料,Tシャツ,電話,会員,58,2400,0.05,132240,58464,73776,2,43.6
2025-02-12,S021,東北,仙台,旗艦,家電,エアコン,店頭,プレミアム会員,42,85000,0,3570000,2213400,1356600,0,32.2
2025-02-12,S021,東北,仙台,旗艦,食品,プレミアム米,EC,一般,57,4800,0.2,218880,131328,87552,1,22.4
2025-02-12,S021,東北,仙台,旗艦,食品,コーヒー豆,電話,プレミアム会員,50,1280,0.05,60800,25600,35200,0,48.3
2025-02-12,S021,東北,仙台,旗艦,日用品,洗剤,店頭,会員,45,680,0.2,24480,13770,10710,1,34.1
2025-02-12,S022,東北,仙台,小型,衣料,Tシャツ,EC,プレミアム会員,14,2400,0.15,28560,14112,14448,0,47.6
2025-02-12,S022,東北,仙台,小型,家電,テレビ,EC,一般,8,95000,0,760000,418000,342000,0,25.4
2025-02-12,S022,東北,仙台,小型,衣料,ダウンジャケット,店頭,会員,12,18000,0,216000,108000,108000,0,31.3
2025-02-12,S022,東北,仙台,小型,食品,コーヒー豆,EC,会員,5,1280,0.1,5760,2560,3200,0,17.5
2025-02-12,S022,東北,仙台,小型,食品,プレミアム米,EC,法人,14,4800,0.2,53760,32256,21504,1,42.0
2025-02-12,S031,関東,東京,標準,食品,コーヒー豆,店頭,一般,26,1280,0.15,28288,13312,14976,1,27.0
2025-02-12,S031,関東,東京,標準,衣料,ダウンジャケット,電話,プレミアム会員,31,18000,0.05,530100,279000,251100,0,47.6
2025-02-12,S031,関東,東京,標準,日用品,洗剤,店頭,法人,28,680,0,19040,8568,10472,0,38.8
2025-02-12,S031,関東,東京,標準,家電,テレビ,電話,会員,15,95000,0,1425000,783750,641250,0,46.0
2025-02-12,S031,関東,東京,標準,日用品,ティッシュ,店頭,一般,15,420,0.15,5355,3465,1890,0,17.0
2025-02-12,S032,関東,東京,旗艦,家電,テレビ,店頭,法人,45,95000,0,4275000,2351250,1923750,2,37.5
2025-02-12,S032,関東,東京,旗艦,衣料,ダウンジャケット,EC,一般,37,18000,0.15,566100,333000,233100,0,33.8
2025-02-12,S032,関東,東京,旗艦,日用品,洗剤,電話,会員,55,680,0.15,31790,16830,14960,1,27.3
2025-02-12,S041,中部,名古屋,旗艦,家電,冷蔵庫,EC,一般,31,128000,0,3968000,2301440,1666560,0,21.9
2025-02-12,S041,中部,名古屋,旗艦,家電,エアコン,EC,一般,50,85000,0,4250000,2635000,1615000,1,42.5
2025-02-12,S041,中部,名古屋,旗艦,衣料,Tシャツ,店頭,法人,43,2400,0,103200,43344,59856,0,35.1
2025-02-12,S042,中部,名古屋,旗艦,家電,冷蔵庫,EC,会員,23,128000,0.2,2355200,1707519,647681,1,55.3
2025-02-12,S042,中部,名古屋,旗艦,食品,コーヒー豆,店頭,一般,68,1280,0.1,78336,34816,43520,0,23.6
2025-02-12,S042,中部,名古屋,旗艦,家電,テレビ,店頭,法人,35,95000,0.15,2826250,1828750,997500,1,37.2
2025-02-12,S051,関西,大阪,小型,日用品,洗剤,EC,法人,12,680,0,8160,3672,4488,0,21.2
2025-02-12,S051,関西,大阪,小型,家電,冷蔵庫,電話,一般,10,128000,0.15,1088000,742400,345600,1,13.7
2025-02-12,S051,関西,大阪,小型,家電,エアコン,電話,一般,6,85000,0.2,408000,316200,91800,1,9.9
2025-02-12,S051,関西,大阪,小型,衣料,ダウンジャケット,店頭,会員,10,18000,0,180000,90000,90000,0,34.5
2025-02-12,S051,関西,大阪,小型,食品,プレミアム米,店頭,法人,4,4800,0.05,18240,9216,9024,0,39.2
2025-02-12,S051,関西,大阪,小型,衣料,Tシャツ,電話,一般,2,2400,0,4800,2016,2784,0,35.8
2025-02-12,S052,関西,大阪,旗艦,食品,コーヒー豆,電話,一般,37,1280,0,47360,18944,28416,0,33.4
2025-02-12,S052,関西,大阪,旗艦,家電,テレビ,店頭,法人,23,95000,0.1,1966500,1201750,764750,0,31.4
2025-02-12,S052,関西,大阪,旗艦,食品,プレミアム米,EC,一般,27,4800,0.15,110160,62208,47952,0,26.2
2025-02-12,S052,関西,大阪,旗艦,日用品,洗剤,EC,一般,34,680,0,23120,10404,12716,1,36.9
2025-02-12,S052,関西,大阪,旗艦,家電,エアコン,EC,法人,38,85000,0.1,2907000,2002600,904400,0,13.0
2025-02-12,S052,関西,大阪,旗艦,日用品,ティッシュ,電話,一般,35,420,0.2,11760,8085,3675,1,30.6
2025-02-12,S061,中国,広島,小型,家電,冷蔵庫,電話,会員,12,128000,0,1536000,890879,645121,0,30.5
2025-02-12,S061,中国,広島,小型,衣料,ダウンジャケット,店頭,会員,8,18000,0.1,129600,72000,57600,0,33.9
2025-02-12,S061,中国,広島,小型,日用品,ティッシュ,店頭,プレミアム会員,5,420,0,2100,1155,945,0,20.6
2025-02-12,S061,中国,広島,小型,食品,プレミアム米,電話,一般,10,4800,0.2,38400,23040,15360,0,16.8
2025-02-12,S061,中国,広島,小型,家電,エアコン,EC,一般,11,85000,0.05,888250,579700,308550,0,33.2
2025-02-12,S061,中国,広島,小型,家電,テレビ,EC,会員,8,95000,0,760000,418000,342000,0,44.1
2025-02-12,S062,中国,広島,小型,日用品,洗剤,店頭,会員,7,680,0,4760,2142,2618,0,32.1
2025-02-12,S062,中国,広島,小型,家電,エアコン,店頭,会員,15,85000,0.1,1147500,790500,357000,0,36.2
2025-02-12,S062,中国,広島,小型,衣料,ダウンジャケット,電話,法人,6,18000,0,108000,54000,54000,0,41.2
2025-02-12,S071,九州,福岡,小型,日用品,ティッシュ,電話,一般,12,420,0,5040,2772,2268,1,34.3
2025-02-12,S071,九州,福岡,小型,家電,冷蔵庫,EC,プレミアム会員,9,128000,0.2,921600,668160,253440,0,36.2
2025-02-12,S071,九州,福岡,小型,衣料,Tシャツ,電話,法人,13,2400,0.1,28080,13104,14976,0,34.2
2025-02-12,S071,九州,福岡,小型,家電,テレビ,店頭,法人,5,95000,0,475000,261250,213750,0,22.4
2025-02-12,S071,九州,福岡,小型,家電,エアコン,店頭,会員,14,85000,0,1190000,737800,452200,2,31.2
2025-02-12,S072,九州,福岡,旗艦,食品,コーヒー豆,電話,法人,51,1280,0.2,52224,26112,26112,0,19.7
2025-02-12,S072,九州,福岡,旗艦,家電,エアコン,店頭,会員,13,85000,0,1105000,685100,419900,1,28.7
2025-02-12,S072,九州,福岡,旗艦,食品,プレミアム米,店頭,法人,34,4800,0.15,138720,78336,60384,1,21.9
2025-02-19,S011,北海道,札幌,小型,家電,冷蔵庫,EC,一般,9,128000,0.15,979200,668160,311040,0,38.6
2025-02-19,S011,北海道,札幌,小型,家電,テレビ,EC,プレミアム会員,9,95000,0.2,684000,470250,213750,0,59.1
2025-02-19,S011,北海道,札幌,小型,食品,コーヒー豆,EC,プレミアム会員,7,1280,0,8960,3584,5376,0,58.5
2025-02-19,S012,北海道,札幌,旗艦,家電,テレビ,EC,法人,55,95000,0,5225000,2873750,2351250,0,38.2
2025-02-19,S012,北海道,札幌,旗艦,家電,冷蔵庫,店頭,法人,36,128000,0,4608000,2672640,1935360,1,48.4
2025-02-19,S012,北海道,札幌,旗艦,衣料,ダウンジャケット,EC,一般,55,18000,0,990000,495000,495000,1,20.8
2025-02-19,S021,東北,仙台,旗艦,日用品,洗剤,電話,一般,35,680,0,23800,10710,13090,0,42.0
2025-02-19,S021,東北,仙台,旗艦,食品,コーヒー豆,EC,会員,42,1280,0,53760,21504,32256,0,35.1
2025-02-19,S021,東北,仙台,旗艦,衣料,Tシャツ,店頭,一般,66,2400,0,158400,66528,91872,1,45.2
2025-02-19,S022,東北,仙台,小型,家電,冷蔵庫,店頭,会員,14,128000,0.15,1523200,1039359,483841,0,32.2
2025-02-19,S022,東北,仙台,小型,日用品,ティッシュ,EC,一般,13,420,0,5460,3003,2457,0,41.4
2025-02-19,S022,東北,仙台,小型,食品,プレミアム米,電話,法人,8,4800,0.05,36480,18432,18048,1,33.4
2025-02-19,S022,東北,仙台,小型,家電,エアコン,店頭,プレミアム会員,10,85000,0,850000,527000,323000,0,38.6
2025-02-19,S022,東北,仙台,小型,食品,コーヒー豆,電話,会員,10,1280,0.15,10880,5120,5760,0,41.9
2025-02-19,S031,関東,東京,標準,家電,エアコン,店頭,会員,13,85000,0.2,884000,685100,198900,0,41.7
2025-02-19,S031,関東,東京,標準,家電,冷蔵庫,電話,プレミアム会員,22,128000,0.05,2675200,1633280,1041920,0,41.2
2025-02-19,S031,関東,東京,標準,家電,テレビ,電話,プレミアム会員,18,95000,0,1710000,940500,769500,0,42.6
2025-02-19,S031,関東,東京,標準,日用品,洗剤,EC,一般,21,680,0.2,11424,6426,4998,1,29.2
2025-02-19,S031,関東,東京,標準,衣料,ダウンジャケット,電話,会員,27,18000,0.15,413100,243000,170100,0,30.8
2025-02-19,S031,関東,東京,標準,食品,コーヒー豆,電話,一般,30,1280,0.2,30720,15360,15360,1,29.8
2025-02-19,S032,関東,東京,旗艦,食品,コーヒー豆,電話,プレミアム会員,42,1280,0.15,45696,21504,24192,0,35.7
2025-02-19,S032,関東,東京,旗艦,家電,テレビ,店頭,会員,52,95000,0.2,3952000,2717000,1235000,3,28.1
2025-02-19,S032,関東,東京,旗艦,家電,冷蔵庫,EC,プレミアム会員,41,128000,0,5248000,3043840,2204160,1,45.9
2025-02-19,S032,関東,東京,旗艦,食品,プレミアム米,電話,法人,48,4800,0,230400,110592,119808,0,44.4
2025-02-19,S032,関東,東京,旗艦,日用品,ティッシュ,店頭,プレミアム会員,34,420,0.2,11424,7854,3570,0,47.8
2025-02-19,S032,関東,東京,旗艦,衣料,ダウンジャケット,店頭,会員,40,18000,0.2,576000,360000,216000,1,39.4
2025-02-19,S041,中部,名古屋,旗艦,家電,冷蔵庫,電話,一般,34,128000,0,4352000,2524160,1827840,1,28.6
2025-02-19,S041,中部,名古屋,旗艦,食品,コーヒー豆,電話,法人,27,1280,0.15,29376,13824,15552,0,47.2
2025-02-19,S041,中部,名古屋,旗艦,衣料,ダウンジャケット,電話,プレミアム会員,46,18000,0,828000,414000,414000,2,30.9
2025-02-19,S041,中部,名古屋,旗艦,食品,プレミアム米,EC,会員,53,4800,0,254400,122112,132288,0,1.0
2025-02-19,S041,中部,名古屋,旗艦,日用品,洗剤,電話,法人,52,680,0.1,31824,15912,15912,0,46.0
2025-02-19,S042,中部,名古屋,旗艦,家電,冷蔵庫,電話,一般,43,128000,0,5504000,3192320,2311680,0,38.6
2025-02-19,S042,中部,名古屋,旗艦,衣料,ダウンジャケット,電話,一般,51,18000,0.15,780300,459000,321300,0,39.9
2025-02-19,S042,中部,名古屋,旗艦,衣料,Tシャツ,EC,会員,35,2400,0,84000,35280,48720,0,19.6
2025-02-19,S042,中部,名古屋,旗艦,家電,テレビ,店頭,一般,52,95000,0.05,4693000,2717000,1976000,1,54.5
2025-02-19,S051,関西,大阪,小型,食品,プレミアム米,電話,会員,8,4800,0,38400,18432,19968,0,36.5
2025-02-19,S051,関西,大阪,小型,食品,コーヒー豆,店頭,プレミアム会員,12,1280,0,15360,6144,9216,0,51.5
2025-02-19,S051,関西,大阪,小型,日用品,ティッシュ,EC,会員,10,420,0.15,3570,2310,1260,2,43.0
2025-02-19,S051,関西,大阪,小型,日用品,洗剤,店頭,プレミアム会員,6,680,0.05,3876,1836,2040,0,41.4
2025-02-19,S051,関西,大阪,小型,家電,エアコン,電話,会員,6,85000,0.1,459000,316200,142800,0,25.5
2025-02-19,S051,関西,大阪,小型,衣料,ダウンジャケット,店頭,プレミアム会員,11,18000,0.15,168300,99000,69300,0,19.2
2025-02-19,S052,関西,大阪,旗艦,日用品,ティッシュ,EC,法人,30,420,0,12600,6930,5670,0,30.4
2025-02-19,S052,関西,大阪,旗艦,衣料,Tシャツ,店頭,プレミアム会員,51,2400,0.05,116280,51408,64872,0,45.9
2025-02-19,S052,関西,大阪,旗艦,家電,冷蔵庫,店頭,プレミアム会員,42,128000,0,5376000,3118080,2257920,0,46.0
2025-02-19,S052,関西,大阪,旗艦,家電,エアコン,EC,法人,22,85000,0,1870000,1159400,710600,0,22.5
2025-02-19,S052,関西,大阪,旗艦,食品,コーヒー豆,EC,法人,30,1280,0,38400,15360,23040,0,33.3
2025-02-19,S061,中国,広島,小型,衣料,ダウンジャケット,店頭,一般,13,18000,0.1,210600,117000,93600,0,12.7
2025-02-19,S061,中国,広島,小型,日用品,ティッシュ,店頭,一般,12,420,0.2,4032,2772,1260,0,39.5
2025-02-19,S061,中国,広島,小型,家電,冷蔵庫,電話,法人,8,128000,0,1024000,593920,430080,0,52.8
2025-02-19,S061,中国,広島,小型,家電,テレビ,電話,一般,13,95000,0.1,1111500,679250,432250,0,23.7
2025-02-19,S061,中国,広島,小型,衣料,Tシャツ,電話,会員,14,2400,0,33600,14112,19488,1,36.9
2025-02-19,S061,中国,広島,小型,家電,エアコン,店頭,会員,9,85000,0,765000,474300,290700,0,31.3
2025-02-19,S062,中国,広島,小型,日用品,洗剤,電話,一般,13,680,0.1,7956,3978,3978,0,25.6
2025-02-19,S062,中国,広島,小型,家電,テレビ,EC,一般,12,95000,0.2,912000,627000,285000,0,14.8
2025-02-19,S062,中国,広島,小型,食品,プレミアム米,EC,一般,8,4800,0.1,34560,18432,16128,0,3.0
2025-02-19,S062,中国,広島,小型,日用品,ティッシュ,店頭,一般,6,420,0.1,2268,1386,882,0,9.3
2025-02-19,S062,中国,広島,小型,衣料,ダウンジャケット,電話,プレミアム会員,12,18000,0.15,183600,108000,75600,0,28.6
2025-02-19,S062,中国,広島,小型,食品,コーヒー豆,店頭,会員,10,1280,0,12800,5120,7680,0,39.5
2025-02-19,S071,九州,福岡,小型,家電,エアコン,電話,法人,15,85000,0,1275000,790500,484500,0,18.8
2025-02-19,S071,九州,福岡,小型,食品,プレミアム米,EC,プレミアム会員,14,4800,0.2,53760,32256,21504,0,46.0
2025-02-19,S071,九州,福岡,小型,家電,テレビ,店頭,会員,15,95000,0.05,1353750,783750,570000,2,31.6
2025-02-19,S071,九州,福岡,小型,食品,コーヒー豆,電話,法人,7,1280,0.1,8064,3584,4480,0,23.9
2025-02-19,S071,九州,福岡,小型,家電,冷蔵庫,店頭,法人,9,128000,0.2,921600,668160,253440,0,27.1
2025-02-19,S071,九州,福岡,小型,衣料,Tシャツ,店頭,一般,11,2400,0,26400,11088,15312,0,18.2
2025-02-19,S072,九州,福岡,旗艦,家電,テレビ,店頭,一般,40,95000,0,3800000,2090000,1710000,1,27.3
2025-02-19,S072,九州,福岡,旗艦,日用品,洗剤,EC,法人,30,680,0.15,17340,9180,8160,1,21.6
2025-02-19,S072,九州,福岡,旗艦,食品,プレミアム米,店頭,プレミアム会員,26,4800,0.2,99840,59904,39936,0,30.0
2025-02-26,S011,北海道,札幌,小型,家電,テレビ,EC,一般,10,95000,0.05,902500,522500,380000,2,37.2
2025-02-26,S011,北海道,札幌,小型,日用品,ティッシュ,店頭,会員,7,420,0,2940,1617,1323,0,21.7
2025-02-26,S011,北海道,札幌,小型,食品,コーヒー豆,電話,一般,7,1280,0.05,8512,3584,4928,1,20.9
2025-02-26,S011,北海道,札幌,小型,食品,プレミアム米,電話,一般,10,4800,0,48000,23040,24960,1,25.6
2025-02-26,S011,北海道,札幌,小型,家電,エアコン,EC,法人,5,85000,0.05,403750,263500,140250,0,19.3
2025-02-26,S012,北海道,札幌,旗艦,衣料,ダウンジャケット,電話,法人,42,18000,0.15,642600,378000,264600,0,52.4
2025-02-26,S012,北海道,札幌,旗艦,日用品,ティッシュ,電話,プレミアム会員,35,420,0,14700,8085,6615,0,32.4
2025-02-26,S012,北海道,札幌,旗艦,食品,コーヒー豆,EC,プレミアム会員,24,1280,0,30720,12288,18432,0,28.5
2025-02-26,S012,北海道,札幌,旗艦,衣料,Tシャツ,電話,プレミアム会員,19,2400,0,45600,19152,26448,1,61.5
2025-02-26,S021,東北,仙台,旗艦,食品,プレミアム米,店頭,一般,16,4800,0,76800,36864,39936,0,40.2
2025-02-26,S021,東北,仙台,旗艦,食品,コーヒー豆,電話,一般,33,1280,0.1,38016,16896,21120,0,14.9
2025-02-26,S021,東北,仙台,旗艦,衣料,ダウンジャケット,店頭,プレミアム会員,42,18000,0.1,680400,378000,302400,0,36.2
2025-02-26,S022,東北,仙台,小型,衣料,Tシャツ,店頭,プレミアム会員,8,2400,0,19200,8064,11136,0,48.6
2025-02-26,S022,東北,仙台,小型,日用品,ティッシュ,電話,会員,16,420,0.15,5712,3696,2016,0,39.5
2025-02-26,S022,東北,仙台,小型,食品,プレミアム米,電話,プレミアム会員,11,4800,0.05,50160,25344,24816,0,34.5
2025-02-26,S022,東北,仙台,小型,家電,冷蔵庫,EC,プレミアム会員,8,128000,0,1024000,593920,430080,0,55.6
2025-02-26,S022,東北,仙台,小型,衣料,ダウンジャケット,電話,一般,8,18000,0.05,136800,72000,64800,1,20.9
2025-02-26,S031,関東,東京,標準,衣料,Tシャツ,店頭,プレミアム会員,16,2400,0.05,36480,16128,20352,1,59.9
2025-02-26,S031,関東,東京,標準,日用品,ティッシュ,店頭,一般,32,420,0.05,12768,7392,5376,0,60.6
2025-02-26,S031,関東,東京,標準,日用品,洗剤,EC,一般,27,680,0.2,14688,8262,6426,0,32.3
2025-02-26,S031,関東,東京,標準,家電,エアコン,店頭,法人,13,85000,0.2,884000,685100,198900,0,24.9
2025-02-26,S031,関東,東京,標準,家電,冷蔵庫,電話,法人,17,128000,0.05,2067200,1262080,805120,0,27.5
2025-02-26,S031,関東,東京,標準,衣料,ダウンジャケット,店頭,プレミアム会員,25,18000,0,450000,225000,225000,1,32.3
2025-02-26,S032,関東,東京,旗艦,家電,エアコン,店頭,会員,36,85000,0,3060000,1897200,1162800,0,41.3
2025-02-26,S032,関東,東京,旗艦,衣料,Tシャツ,EC,会員,52,2400,0,124800,52416,72384,1,21.0
2025-02-26,S032,関東,東京,旗艦,食品,コーヒー豆,EC,法人,37,1280,0,47360,18944,28416,0,13.3
2025-02-26,S032,関東,東京,旗艦,食品,プレミアム米,店頭,プレミアム会員,47,4800,0.05,214320,108288,106032,0,51.0
2025-02-26,S041,中部,名古屋,旗艦,家電,エアコン,電話,一般,33,85000,0,2805000,1739100,1065900,0,24.9
2025-02-26,S041,中部,名古屋,旗艦,日用品,洗剤,EC,プレミアム会員,19,680,0.2,10336,5814,4522,0,44.2
2025-02-26,S041,中部,名古屋,旗艦,家電,冷蔵庫,店頭,一般,38,128000,0.15,4134400,2821120,1313280,0,39.7
2025-02-26,S041,中部,名古屋,旗艦,食品,コーヒー豆,店頭,プレミアム会員,48,1280,0.05,58368,24576,33792,0,37.2
2025-02-26,S041,中部,名古屋,旗艦,食品,プレミアム米,電話,一般,34,4800,0.15,138720,78336,60384,2,13.4
2025-02-26,S041,中部,名古屋,旗艦,日用品,ティッシュ,電話,会員,37,420,0.05,14763,8547,6216,0,25.1
2025-02-26,S042,中部,名古屋,旗艦,日用品,ティッシュ,店頭,法人,42,420,0,17640,9702,7938,1,45.8
2025-02-26,S042,中部,名古屋,旗艦,家電,冷蔵庫,EC,法人,11,128000,0,1408000,816640,591360,0,42.8
2025-02-26,S042,中部,名古屋,旗艦,食品,プレミアム米,店頭,法人,39,4800,0.15,159120,89856,69264,0,34.9
2025-02-26,S051,関西,大阪,小型,家電,テレビ,EC,会員,10,95000,0.05,902500,522500,380000,1,29.3
2025-02-26,S051,関西,大阪,小型,家電,冷蔵庫,EC,一般,11,128000,0,1408000,816640,591360,0,36.8
2025-02-26,S051,関西,大阪,小型,食品,プレミアム米,電話,プレミアム会員,7,4800,0.05,31920,16128,15792,0,39.7
2025-02-26,S051,関西,大阪,小型,日用品,ティッシュ,店頭,一般,12,420,0,5040,2772,2268,0,17.9
2025-02-26,S051,関西,大阪,小型,家電,エアコン,電話,プレミアム会員,15,85000,0.15,1083750,790500,293250,1,57.2
2025-02-26,S051,関西,大阪,小型,食品,コーヒー豆,店頭,一般,3,1280,0,3840,1536,2304,1,39.4
2025-02-26,S052,関西,大阪,旗艦,食品,プレミアム米,店頭,法人,24,4800,0.1,103680,55296,48384,0,31.7
2025-02-26,S052,関西,大阪,旗艦,家電,テレビ,EC,会員,24,95000,0.1,2052000,1254000,798000,0,47.9
2025-02-26,S052,関西,大阪,旗艦,家電,エアコン,電話,会員,43,85000,0.05,3472250,2266100,1206150,1,27.2
2025-02-26,S052,関西,大阪,旗艦,家電,冷蔵庫,EC,法人,48,128000,0,6144000,3563519,2580481,1,54.1
2025-02-26,S052,関西,大阪,旗艦,衣料,Tシャツ,電話,会員,45,2400,0.15,91800,45360,46440,1,19.6
2025-02-26,S052,関西,大阪,旗艦,食品,コーヒー豆,電話,一般,22,1280,0.05,26752,11264,15488,1,19.8
2025-02-26,S061,中国,広島,小型,家電,テレビ,EC,会員,13,95000,0,1235000,679250,555750,0,19.4
2025-02-26,S061,中国,広島,小型,家電,エアコン,EC,プレミアム会員,12,85000,0.15,867000,632400,234600,0,29.0
2025-02-26,S061,中国,広島,小型,衣料,ダウンジャケット,店頭,法人,14,18000,0.05,239400,126000,113400,0,17.6
2025-02-26,S061,中国,広島,小型,食品,コーヒー豆,EC,法人,6,1280,0.15,6528,3072,3456,2,26.8
2025-02-26,S061,中国,広島,小型,家電,冷蔵庫,EC,一般,8,128000,0.1,921600,593920,327680,0,23.2
2025-02-26,S061,中国,広島,小型,日用品,洗剤,電話,プレミアム会員,12,680,0.15,6936,3672,3264,0,31.1
2025-02-26,S062,中国,広島,小型,家電,エアコン,電話,法人,3,85000,0.15,216750,158100,58650,0,14.1
2025-02-26,S062,中国,広島,小型,日用品,洗剤,店頭,一般,10,680,0,6800,3060,3740,0,19.6
2025-02-26,S062,中国,広島,小型,食品,プレミアム米,EC,プレミアム会員,13,4800,0.15,53040,29952,23088,1,60.8
2025-02-26,S062,中国,広島,小型,衣料,ダウンジャケット,EC,会員,13,18000,0.05,222300,117000,105300,0,42.9
2025-02-26,S062,中国,広島,小型,家電,テレビ,店頭,一般,12,95000,0.2,912000,627000,285000,0,38.3
2025-02-26,S071,九州,福岡,小型,食品,コーヒー豆,店頭,一般,10,1280,0.15,10880,5120,5760,0,18.0
2025-02-26,S071,九州,福岡,小型,家電,冷蔵庫,EC,一般,8,128000,0.1,921600,593920,327680,0,14.8
2025-02-26,S071,九州,福岡,小型,食品,プレミアム米,EC,法人,14,4800,0,67200,32256,34944,0,27.4
2025-02-26,S071,九州,福岡,小型,日用品,洗剤,店頭,一般,8,680,0.05,5168,2448,2720,0,16.3
2025-02-26,S072,九州,福岡,旗艦,衣料,Tシャツ,EC,法人,75,2400,0.05,171000,75600,95400,0,32.2
2025-02-26,S072,九州,福岡,旗艦,食品,プレミアム米,電話,プレミアム会員,33,4800,0.2,126720,76032,50688,0,22.3
2025-02-26,S072,九州,福岡,旗艦,日用品,洗剤,電話,会員,45,680,0,30600,13770,16830,2,19.5
2025-02-26,S072,九州,福岡,旗艦,日用品,ティッシュ,店頭,会員,15,420,0.1,5670,3465,2205,0,25.5
2025-02-26,S072,九州,福岡,旗艦,家電,冷蔵庫,電話,一般,41,128000,0.1,4723200,3043840,1679360,0,13.9
2025-03-05,S011,北海道,札幌,小型,衣料,Tシャツ,店頭,法人,8,2400,0,19200,8064,11136,0,31.3
2025-03-05,S011,北海道,札幌,小型,日用品,ティッシュ,EC,会員,14,420,0,5880,3234,2646,0,39.8
2025-03-05,S011,北海道,札幌,小型,食品,プレミアム米,EC,会員,6,4800,0.2,23040,13824,9216,0,27.1
2025-03-05,S011,北海道,札幌,小型,日用品,洗剤,EC,一般,6,680,0.1,3672,1836,1836,0,43.1
2025-03-05,S011,北海道,札幌,小型,家電,エアコン,電話,法人,6,85000,0,510000,316200,193800,0,28.5
2025-03-05,S011,北海道,札幌,小型,衣料,ダウンジャケット,電話,プレミアム会員,9,18000,0.05,153900,81000,72900,0,22.1
2025-03-05,S012,北海道,札幌,旗艦,衣料,Tシャツ,店頭,法人,59,2400,0.2,113280,59472,53808,1,46.8
2025-03-05,S012,北海道,札幌,旗艦,家電,エアコン,電話,プレミアム会員,40,85000,0.1,3060000,2108000,952000,0,51.4
2025-03-05,S012,北海道,札幌,旗艦,衣料,ダウンジャケット,店頭,プレミアム会員,58,18000,0.05,991800,522000,469800,1,61.3
2025-03-05,S012,北海道,札幌,旗艦,食品,コーヒー豆,店頭,会員,39,1280,0,49920,19968,29952,0,16.2
2025-03-05,S012,北海道,札幌,旗艦,家電,テレビ,店頭,会員,46,95000,0.1,3933000,2403500,1529500,0,28.9
2025-03-05,S021,東北,仙台,旗艦,家電,テレビ,電話,プレミアム会員,24,95000,0,2280000,1254000,1026000,0,61.9
2025-03-05,S021,東北,仙台,旗艦,家電,エアコン,電話,会員,48,85000,0,4080000,2529600,1550400,0,27.3
2025-03-05,S021,東北,仙台,旗艦,家電,冷蔵庫,店頭,法人,28,128000,0,3584000,2078719,1505281,0,31.5
2025-03-05,S021,東北,仙台,旗艦,衣料,Tシャツ,EC,プレミアム会員,48,2400,0,115200,48384,66816,0,73.3
2025-03-05,S021,東北,仙台,旗艦,日用品,ティッシュ,電話,法人,62,420,0.15,22134,14322,7812,1,47.8
2025-03-05,S021,東北,仙台,旗艦,衣料,ダウンジャケット,EC,会員,40,18000,0.15,612000,360000,252000,0,19.0
2025-03-05,S022,東北,仙台,小型,食品,コーヒー豆,店頭,法人,9,1280,0,11520,4608,6912,1,48.9
2025-03-05,S022,東北,仙台,小型,食品,プレミアム米,EC,法人,7,4800,0.05,31920,16128,15792,2,37.0
2025-03-05,S022,東北,仙台,小型,衣料,ダウンジャケット,店頭,プレミアム会員,2,18000,0,36000,18000,18000,0,65.3
2025-03-05,S031,関東,東京,標準,家電,冷蔵庫,電話,会員,19,128000,0.2,1945600,1410560,535040,0,9.0
2025-03-05,S031,関東,東京,標準,日用品,洗剤,店頭,法人,12,680,0.15,6936,3672,3264,0,29.0
2025-03-05,S031,関東,東京,標準,食品,コーヒー豆,電話,プレミアム会員,20,1280,0,25600,10240,15360,0,47.1
2025-03-05,S032,関東,東京,旗艦,衣料,Tシャツ,EC,法人,28,2400,0,67200,28224,38976,0,47.8
2025-03-05,S032,関東,東京,旗艦,家電,冷蔵庫,電話,一般,41,128000,0.15,4460800,3043840,1416960,0,25.7
2025-03-05,S032,関東,東京,旗艦,日用品,ティッシュ,電話,一般,38,420,0.1,14364,8778,5586,0,46.6
2025-03-05,S032,関東,東京,旗艦,衣料,ダウンジャケット,EC,一般,53,18000,0,954000,477000,477000,1,17.2
2025-03-05,S032,関東,東京,旗艦,家電,テレビ,EC,一般,25,95000,0,2375000,1306250,1068750,0,29.6
2025-03-05,S041,中部,名古屋,旗艦,家電,テレビ,店頭,会員,18,95000,0,1710000,940500,769500,1,34.1
2025-03-05,S041,中部,名古屋,旗艦,日用品,ティッシュ,EC,一般,33,420,0.15,11781,7623,4158,2,23.1
2025-03-05,S041,中部,名古屋,旗艦,食品,コーヒー豆,電話,会員,50,1280,0,64000,25600,38400,1,45.2
2025-03-05,S041,中部,名古屋,旗艦,食品,プレミアム米,EC,会員,53,4800,0.1,228960,122112,106848,2,44.0
2025-03-05,S041,中部,名古屋,旗艦,衣料,Tシャツ,電話,法人,21,2400,0.15,42840,21168,21672,0,26.9
2025-03-05,S042,中部,名古屋,旗艦,日用品,ティッシュ,電話,法人,50,420,0.15,17850,11550,6300,0,26.9
2025-03-05,S042,中部,名古屋,旗艦,家電,冷蔵庫,電話,一般,35,128000,0,4480000,2598400,1881600,0,42.0
2025-03-05,S042,中部,名古屋,旗艦,衣料,ダウンジャケット,電話,プレミアム会員,37,18000,0.1,599400,333000,266400,0,38.1
2025-03-05,S051,関西,大阪,小型,家電,テレビ,EC,プレミアム会員,11,95000,0,1045000,574750,470250,0,35.3
2025-03-05,S051,関西,大阪,小型,家電,エアコン,EC,法人,5,85000,0.05,403750,263500,140250,0,22.9
2025-03-05,S051,関西,大阪,小型,衣料,Tシャツ,電話,一般,9,2400,0.2,17280,9072,8208,0,52.0
2025-03-05,S051,関西,大阪,小型,家電,冷蔵庫,電話,会員,9,128000,0,1152000,668160,483840,2,26.4
2025-03-05,S051,関西,大阪,小型,食品,コーヒー豆,電話,一般,3,1280,0.2,3072,1536,1536,0,24.0
2025-03-05,S051,関西,大阪,小型,日用品,洗剤,電話,会員,13,680,0.1,7956,3978,3978,0,41.8
2025-03-05,S052,関西,大阪,旗艦,食品,コーヒー豆,電話,プレミアム会員,30,1280,0,38400,15360,23040,0,48.2
2025-03-05,S052,関西,大阪,旗艦,食品,プレミアム米,EC,プレミアム会員,22,4800,0.2,84480,50688,33792,0,78.1
2025-03-05,S052,関西,大阪,旗艦,家電,冷蔵庫,電話,会員,32,128000,0.2,3276800,2375680,901120,0,28.8
2025-03-05,S052,関西,大阪,旗艦,日用品,ティッシュ,店頭,会員,38,420,0,15960,8778,7182,0,49.7
2025-03-05,S061,中国,広島,小型,家電,冷蔵庫,店頭,会員,11,128000,0.1,1267200,816640,450560,1,23.8
2025-03-05,S061,中国,広島,小型,日用品,ティッシュ,EC,法人,10,420,0.15,3570,2310,1260,0,21.6
2025-03-05,S061,中国,広島,小型,家電,テレビ,電話,プレミアム会員,14,95000,0.2,1064000,731500,332500,0,29.2
2025-03-05,S061,中国,広島,小型,衣料,Tシャツ,電話,会員,7,2400,0.1,15120,7056,8064,0,17.0
2025-03-05,S062,中国,広島,小型,食品,プレミアム米,EC,法人,5,4800,0.2,19200,11520,7680,0,31.8
2025-03-05,S062,中国,広島,小型,日用品,洗剤,電話,会員,7,680,0.1,4284,2142,2142,0,24.9
2025-03-05,S062,中国,広島,小型,日用品,ティッシュ,店頭,会員,8,420,0,3360,1848,1512,0,16.8
2025-03-05,S062,中国,広島,小型,衣料,ダウンジャケット,電話,会員,7,18000,0,126000,63000,63000,0,16.4
2025-03-05,S062,中国,広島,小型,家電,テレビ,店頭,会員,10,95000,0.15,807500,522500,285000,0,27.8
2025-03-05,S071,九州,福岡,小型,家電,テレビ,電話,一般,11,95000,0,1045000,574750,470250,0,29.6
2025-03-05,S071,九州,福岡,小型,衣料,Tシャツ,EC,一般,11,2400,0.15,22440,11088,11352,0,7.9
2025-03-05,S071,九州,福岡,小型,家電,冷蔵庫,店頭,会員,1,128000,0.2,102400,74240,28160,1,21.6
2025-03-05,S072,九州,福岡,旗艦,家電,テレビ,店頭,プレミアム会員,40,95000,0.05,3610000,2090000,1520000,0,42.4
2025-03-05,S072,九州,福岡,旗艦,衣料,Tシャツ,EC,法人,41,2400,0.1,88560,41328,47232,0,39.0
2025-03-05,S072,九州,福岡,旗艦,日用品,ティッシュ,EC,会員,29,420,0.1,10962,6699,4263,1,37.8
2025-03-05,S072,九州,福岡,旗艦,食品,コーヒー豆,電話,一般,50,1280,0.2,51200,25600,25600,0,40.2
2025-03-05,S072,九州,福岡,旗艦,食品,プレミアム米,店頭,一般,49,4800,0.2,188160,112896,75264,0,18.5
2025-03-05,S072,九州,福岡,旗艦,衣料,ダウンジャケット,EC,プレミアム会員,53,18000,0.05,906300,477000,429300,0,47.8
2025-03-12,S011,北海道,札幌,小型,食品,コーヒー豆,店頭,一般,15,1280,0,19200,7680,11520,0,21.3
2025-03-12,S011,北海道,札幌,小型,家電,冷蔵庫,EC,会員,14,128000,0,1792000,1039359,752641,0,24.7
2025-03-12,S011,北海道,札幌,小型,日用品,洗剤,店頭,法人,9,680,0.15,5202,2754,2448,0,50.8
2025-03-12,S011,北海道,札幌,小型,衣料,ダウンジャケット,EC,プレミアム会員,12,18000,0.1,194400,108000,86400,0,44.5
2025-03-12,S011,北海道,札幌,小型,家電,テレビ,EC,プレミアム会員,15,95000,0.1,1282500,783750,498750,0,62.9
2025-03-12,S011,北海道,札幌,小型,食品,プレミアム米,店頭,法人,6,4800,0,28800,13824,14976,0,19.5
2025-03-12,S012,北海道,札幌,旗艦,日用品,ティッシュ,電話,会員,51,420,0.2,17136,11781,5355,1,25.4
2025-03-12,S012,北海道,札幌,旗艦,食品,コーヒー豆,店頭,法人,46,1280,0,58880,23552,35328,0,32.7
2025-03-12,S012,北海道,札幌,旗艦,食品,プレミアム米,EC,一般,51,4800,0,244800,117504,127296,0,40.9
2025-03-12,S012,北海道,札幌,旗艦,衣料,ダウンジャケット,店頭,会員,24,18000,0,432000,216000,216000,0,37.8
2025-03-12,S012,北海道,札幌,旗艦,日用品,洗剤,店頭,一般,43,680,0.15,24854,13158,11696,0,53.0
2025-03-12,S021,東北,仙台,旗艦,家電,エアコン,店頭,会員,56,85000,0.1,4284000,2951200,1332800,0,29.3
2025-03-12,S021,東北,仙台,旗艦,家電,テレビ,電話,会員,43,95000,0.1,3676500,2246750,1429750,0,32.8
2025-03-12,S021,東北,仙台,旗艦,食品,コーヒー豆,店頭,一般,45,1280,0,57600,23040,34560,0,32.1
2025-03-12,S021,東北,仙台,旗艦,日用品,洗剤,EC,法人,28,680,0.1,17136,8568,8568,0,32.0
2025-03-12,S021,東北,仙台,旗艦,食品,プレミアム米,電話,一般,53,4800,0.15,216240,122112,94128,0,42.8
2025-03-12,S022,東北,仙台,小型,食品,コーヒー豆,EC,法人,4,1280,0.1,4608,2048,2560,0,30.2
2025-03-12,S022,東北,仙台,小型,日用品,ティッシュ,電話,一般,6,420,0,2520,1386,1134,0,50.4
2025-03-12,S022,東北,仙台,小型,家電,冷蔵庫,EC,プレミアム会員,8,128000,0.15,870400,593920,276480,0,49.1
2025-03-12,S022,東北,仙台,小型,衣料,ダウンジャケット,EC,会員,10,18000,0.05,171000,90000,81000,0,19.3
2025-03-12,S022,東北,仙台,小型,食品,プレミアム米,店頭,法人,4,4800,0,19200,9216,9984,0,41.8
2025-03-12,S031,関東,東京,標準,日用品,洗剤,電話,一般,20,680,0,13600,6120,7480,0,45.0
2025-03-12,S031,関東,東京,標準,食品,コーヒー豆,EC,一般,27,1280,0.1,31104,13824,17280,1,24.3
2025-03-12,S031,関東,東京,標準,衣料,Tシャツ,EC,会員,26,2400,0.15,53040,26208,26832,0,19.3
2025-03-12,S031,関東,東京,標準,家電,テレビ,EC,会員,8,95000,0,760000,418000,342000,0,5.7
2025-03-12,S032,関東,東京,旗艦,日用品,洗剤,電話,プレミアム会員,43,680,0,29240,13158,16082,1,37.0
2025-03-12,S032,関東,東京,旗艦,衣料,Tシャツ,電話,一般,24,2400,0.2,46080,24192,21888,2,6.4
2025-03-12,S032,関東,東京,旗艦,食品,プレミアム米,EC,プレミアム会員,29,4800,0.1,125280,66816,58464,0,54.5
2025-03-12,S032,関東,東京,旗艦,家電,冷蔵庫,電話,プレミアム会員,29,128000,0.05,3526400,2152960,1373440,0,60.5
2025-03-12,S041,中部,名古屋,旗艦,衣料,Tシャツ,電話,一般,27,2400,0.15,55080,27216,27864,0,32.1
2025-03-12,S041,中部,名古屋,旗艦,食品,プレミアム米,店頭,法人,26,4800,0,124800,59904,64896,0,28.3
2025-03-12,S041,中部,名古屋,旗艦,日用品,洗剤,店頭,法人,30,680,0.1,18360,9180,9180,0,35.0
2025-03-12,S042,中部,名古屋,旗艦,日用品,洗剤,EC,会員,34,680,0.05,21964,10404,11560,0,35.8
2025-03-12,S042,中部,名古屋,旗艦,日用品,ティッシュ,EC,プレミアム会員,45,420,0,18900,10395,8505,0,14.9
2025-03-12,S042,中部,名古屋,旗艦,衣料,Tシャツ,電話,会員,25,2400,0.2,48000,25200,22800,1,35.6
2025-03-12,S042,中部,名古屋,旗艦,衣料,ダウンジャケット,店頭,法人,44,18000,0.2,633600,396000,237600,0,36.6
2025-03-12,S042,中部,名古屋,旗艦,家電,テレビ,店頭,会員,38,95000,0.05,3429500,1985500,1444000,0,30.1
2025-03-12,S051,関西,大阪,小型,衣料,ダウンジャケット,店頭,法人,11,18000,0,198000,99000,99000,0,35.3
2025-03-12,S051,関西,大阪,小型,日用品,ティッシュ,電話,一般,6,420,0.05,2394,1386,1008,0,20.7
2025-03-12,S051,関西,大阪,小型,家電,テレビ,EC,プレミアム会員,8,95000,0,760000,418000,342000,1,65.7
2025-03-12,S051,関西,大阪,小型,衣料,Tシャツ,店頭,会員,4,2400,0.2,7680,4032,3648,0,40.4
2025-03-12,S051,関西,大阪,小型,食品,コーヒー豆,電話,法人,10,1280,0,12800,5120,7680,0,22.8
2025-03-12,S052,関西,大阪,旗艦,家電,テレビ,電話,法人,46,95000,0.2,3496000,2403500,1092500,1,27.3
2025-03-12,S052,関西,大阪,旗艦,食品,コーヒー豆,EC,会員,33,1280,0.15,35904,16896,19008,2,28.1
2025-03-12,S052,関西,大阪,旗艦,日用品,洗剤,EC,法人,57,680,0.2,31008,17442,13566,1,21.3
2025-03-12,S052,関西,大阪,旗艦,衣料,ダウンジャケット,電話,法人,33,18000,0,594000,297000,297000,0,36.2
2025-03-12,S061,中国,広島,小型,家電,冷蔵庫,店頭,一般,11,128000,0.05,1337600,816640,520960,0,29.2
2025-03-12,S061,中国,広島,小型,日用品,洗剤,EC,一般,13,680,0,8840,3978,4862,1,15.9
2025-03-12,S061,中国,広島,小型,衣料,Tシャツ,EC,会員,4,2400,0,9600,4032,5568,0,17.1
2025-03-12,S061,中国,広島,小型,衣料,ダウンジャケット,店頭,会員,8,18000,0,144000,72000,72000,0,17.7
2025-03-12,S061,中国,広島,小型,家電,エアコン,EC,法人,4,85000,0.05,323000,210800,112200,1,27.7
2025-03-12,S062,中国,広島,小型,衣料,Tシャツ,店頭,法人,7,2400,0.1,15120,7056,8064,0,14.3
2025-03-12,S062,中国,広島,小型,衣料,ダウンジャケット,電話,プレミアム会員,11,18000,0,198000,99000,99000,0,46.0
2025-03-12,S062,中国,広島,小型,家電,冷蔵庫,店頭,法人,8,128000,0,1024000,593920,430080,1,29.9
2025-03-12,S062,中国,広島,小型,食品,コーヒー豆,店頭,プレミアム会員,10,1280,0,12800,5120,7680,0,45.3
2025-03-12,S062,中国,広島,小型,日用品,ティッシュ,EC,法人,8,420,0.2,2688,1848,840,1,27.7
2025-03-12,S071,九州,福岡,小型,衣料,Tシャツ,EC,法人,12,2400,0.05,27360,12096,15264,0,49.0
2025-03-12,S071,九州,福岡,小型,食品,コーヒー豆,電話,法人,11,1280,0,14080,5632,8448,0,22.2
2025-03-12,S071,九州,福岡,小型,家電,冷蔵庫,電話,プレミアム会員,11,128000,0,1408000,816640,591360,0,33.1
2025-03-12,S072,九州,福岡,旗艦,食品,プレミアム米,店頭,プレミアム会員,50,4800,0.05,228000,115200,112800,1,42.7
2025-03-12,S072,九州,福岡,旗艦,日用品,洗剤,店頭,プレミアム会員,56,680,0,38080,17136,20944,2,70.9
2025-03-12,S072,九州,福岡,旗艦,衣料,Tシャツ,店頭,会員,49,2400,0,117600,49392,68208,0,25.8
2025-03-12,S072,九州,福岡,旗艦,家電,エアコン,店頭,一般,21,85000,0,1785000,1106700,678300,1,30.8
2025-03-12,S072,九州,福岡,旗艦,家電,冷蔵庫,EC,プレミアム会員,43,128000,0,5504000,3192320,2311680,0,24.3
2025-03-19,S011,北海道,札幌,小型,家電,冷蔵庫,店頭,法人,11,128000,0,1408000,816640,591360,0,51.5
2025-03-19,S011,北海道,札幌,小型,家電,テレビ,EC,一般,13,95000,0,1235000,679250,555750,1,5.6
2025-03-19,S011,北海道,札幌,小型,家電,エアコン,店頭,一般,15,85000,0,1275000,790500,484500,0,35.0
2025-03-19,S011,北海道,札幌,小型,衣料,ダウンジャケット,電話,会員,5,18000,0,90000,45000,45000,0,36.5
2025-03-19,S011,北海道,札幌,小型,日用品,洗剤,電話,一般,9,680,0.15,5202,2754,2448,1,24.4
2025-03-19,S012,北海道,札幌,旗艦,衣料,ダウンジャケット,電話,会員,48,18000,0.05,820800,432000,388800,0,26.7
2025-03-19,S012,北海道,札幌,旗艦,日用品,ティッシュ,EC,一般,46,420,0.05,18354,10626,7728,0,28.4
2025-03-19,S012,北海道,札幌,旗艦,家電,冷蔵庫,店頭,法人,37,128000,0.2,3788800,2746880,1041920,0,35.9
2025-03-19,S012,北海道,札幌,旗艦,家電,テレビ,店頭,プレミアム会員,43,95000,0.2,3268000,2246750,1021250,0,42.0
2025-03-19,S012,北海道,札幌,旗艦,家電,エアコン,電話,会員,33,85000,0,2805000,1739100,1065900,0,19.6
2025-03-19,S021,東北,仙台,旗艦,衣料,ダウンジャケット,EC,会員,40,18000,0,720000,360000,360000,1,21.8
2025-03-19,S021,東北,仙台,旗艦,日用品,洗剤,EC,プレミアム会員,26,680,0.1,15912,7956,7956,0,49.3
2025-03-19,S021,東北,仙台,旗艦,家電,エアコン,電話,法人,50,85000,0,4250000,2635000,1615000,1,18.0
2025-03-19,S021,東北,仙台,旗艦,食品,コーヒー豆,電話,会員,46,1280,0,58880,23552,35328,1,36.3
2025-03-19,S021,東北,仙台,旗艦,衣料,Tシャツ,EC,一般,26,2400,0.2,49920,26208,23712,0,21.1
2025-03-19,S022,東北,仙台,小型,家電,エアコン,店頭,プレミアム会員,9,85000,0.1,688500,474300,214200,0,48.3
2025-03-19,S022,東北,仙台,小型,食品,コーヒー豆,電話,法人,8,1280,0.2,8192,4096,4096,0,24.7
2025-03-19,S022,東北,仙台,小型,食品,プレミアム米,EC,法人,9,4800,0.1,38880,20736,18144,0,28.1
2025-03-19,S022,東北,仙台,小型,日用品,ティッシュ,店頭,会員,9,420,0.2,3024,2079,945,0,31.1
2025-03-19,S031,関東,東京,標準,家電,冷蔵庫,EC,法人,11,128000,0,1408000,816640,591360,0,38.1
2025-03-19,S031,関東,東京,標準,家電,エアコン,電話,一般,23,85000,0,1955000,1212100,742900,1,26.5
2025-03-19,S031,関東,東京,標準,日用品,ティッシュ,EC,一般,12,420,0,5040,2772,2268,0,3.5
2025-03-19,S031,関東,東京,標準,食品,コーヒー豆,EC,プレミアム会員,16,1280,0.2,16384,8192,8192,0,23.4
2025-03-19,S032,関東,東京,旗艦,衣料,Tシャツ,店頭,会員,45,2400,0.15,91800,45360,46440,0,31.4
2025-03-19,S032,関東,東京,旗艦,家電,エアコン,店頭,会員,51,85000,0.1,3901500,2687700,1213800,0,24.7
2025-03-19,S032,関東,東京,旗艦,食品,コーヒー豆,電話,法人,39,1280,0.1,44928,19968,24960,0,21.7
2025-03-19,S032,関東,東京,旗艦,衣料,ダウンジャケット,電話,法人,50,18000,0,900000,450000,450000,1,36.6
2025-03-19,S032,関東,東京,旗艦,家電,テレビ,EC,プレミアム会員,31,95000,0.1,2650500,1619750,1030750,0,34.5
2025-03-19,S041,中部,名古屋,旗艦,衣料,Tシャツ,電話,法人,43,2400,0.2,82560,43344,39216,0,13.8
2025-03-19,S041,中部,名古屋,旗艦,食品,コーヒー豆,電話,会員,29,1280,0.15,31552,14848,16704,1,29.2
2025-03-19,S041,中部,名古屋,旗艦,食品,プレミアム米,EC,法人,70,4800,0,336000,161280,174720,0,-3.9
2025-03-19,S041,中部,名古屋,旗艦,家電,テレビ,電話,一般,2,95000,0,190000,104500,85500,0,64.6
2025-03-19,S041,中部,名古屋,旗艦,日用品,洗剤,店頭,プレミアム会員,41,680,0,27880,12546,15334,1,16.5
2025-03-19,S042,中部,名古屋,旗艦,衣料,Tシャツ,EC,会員,47,2400,0.1,101520,47376,54144,1,30.0
2025-03-19,S042,中部,名古屋,旗艦,家電,テレビ,EC,一般,49,95000,0.1,4189500,2560250,1629250,0,45.8
2025-03-19,S042,中部,名古屋,旗艦,家電,エアコン,電話,一般,36,85000,0,3060000,1897200,1162800,0,4.4
2025-03-19,S042,中部,名古屋,旗艦,食品,プレミアム米,電話,一般,41,4800,0.1,177120,94464,82656,0,27.4
2025-03-19,S042,中部,名古屋,旗艦,日用品,洗剤,電話,法人,43,680,0.2,23392,13158,10234,1,17.5
2025-03-19,S051,関西,大阪,小型,食品,プレミアム米,電話,法人,15,4800,0,72000,34560,37440,0,33.3
2025-03-19,S051,関西,大阪,小型,家電,冷蔵庫,電話,会員,7,128000,0,896000,519679,376321,1,48.5
2025-03-19,S051,関西,大阪,小型,衣料,Tシャツ,EC,法人,11,2400,0.2,21120,11088,10032,0,22.0
2025-03-19,S051,関西,大阪,小型,衣料,ダウンジャケット,店頭,法人,9,18000,0,162000,81000,81000,1,23.0
2025-03-19,S051,関西,大阪,小型,日用品,ティッシュ,電話,一般,12,420,0.1,4536,2772,1764,0,33.0
2025-03-19,S051,関西,大阪,小型,家電,エアコン,電話,法人,10,85000,0,850000,527000,323000,0,22.1
2025-03-19,S052,関西,大阪,旗艦,日用品,洗剤,EC,一般,40,680,0,27200,12240,14960,0,18.9
2025-03-19,S052,関西,大阪,旗艦,衣料,Tシャツ,EC,会員,33,2400,0,79200,33264,45936,1,30.9
2025-03-19,S052,関西,大阪,旗艦,家電,冷蔵庫,EC,法人,32,128000,0.1,3686400,2375680,1310720,0,32.9
2025-03-19,S052,関西,大阪,旗艦,家電,エアコン,店頭,会員,37,85000,0.15,2673250,1949900,723350,0,33.5
2025-03-19,S052,関西,大阪,旗艦,家電,テレビ,店頭,会員,35,95000,0.1,2992500,1828750,1163750,2,19.3
2025-03-19,S052,関西,大阪,旗艦,衣料,ダウンジャケット,EC,一般,28,18000,0,504000,252000,252000,2,27.6
2025-03-19,S061,中国,広島,小型,衣料,Tシャツ,電話,プレミアム会員,10,2400,0.1,21600,10080,11520,0,47.1
2025-03-19,S061,中国,広島,小型,日用品,洗剤,店頭,一般,5,680,0.1,3060,1530,1530,1,37.1
2025-03-19,S061,中国,広島,小型,家電,冷蔵庫,EC,会員,10,128000,0.2,1024000,742400,281600,0,21.0
2025-03-19,S061,中国,広島,小型,日用品,ティッシュ,EC,一般,14,420,0.15,4998,3234,1764,0,40.5
2025-03-19,S062,中国,広島,小型,家電,エアコン,電話,法人,6,85000,0,510000,316200,193800,1,28.2
2025-03-19,S062,中国,広島,小型,日用品,ティッシュ,電話,一般,12,420,0.1,4536,2772,1764,0,22.4
2025-03-19,S062,中国,広島,小型,食品,プレミアム米,電話,法人,9,4800,0.1,38880,20736,18144,0,28.9
2025-03-19,S071,九州,福岡,小型,衣料,Tシャツ,EC,会員,14,2400,0,33600,14112,19488,0,23.8
2025-03-19,S071,九州,福岡,小型,日用品,ティッシュ,電話,プレミアム会員,8,420,0.2,2688,1848,840,0,48.5
2025-03-19,S071,九州,福岡,小型,家電,テレビ,EC,一般,16,95000,0,1520000,836000,684000,0,44.8
2025-03-19,S071,九州,福岡,小型,日用品,洗剤,電話,会員,15,680,0,10200,4590,5610,0,15.6
2025-03-19,S072,九州,福岡,旗艦,食品,プレミアム米,EC,プレミアム会員,49,4800,0.1,211680,112896,98784,0,56.8
2025-03-19,S072,九州,福岡,旗艦,日用品,洗剤,電話,会員,52,680,0.2,28288,15912,12376,2,44.0
2025-03-19,S072,九州,福岡,旗艦,日用品,ティッシュ,電話,会員,16,420,0.2,5376,3696,1680,1,47.1
2025-03-19,S072,九州,福岡,旗艦,家電,冷蔵庫,店頭,プレミアム会員,62,128000,0,7936000,4602880,3333120,0,34.7
2025-03-26,S011,北海道,札幌,小型,家電,テレビ,店頭,一般,10,95000,0.05,902500,522500,380000,0,39.9
2025-03-26,S011,北海道,札幌,小型,食品,コーヒー豆,電話,プレミアム会員,9,1280,0,11520,4608,6912,0,39.4
2025-03-26,S011,北海道,札幌,小型,食品,プレミアム米,店頭,一般,10,4800,0,48000,23040,24960,0,17.0
2025-03-26,S012,北海道,札幌,旗艦,日用品,洗剤,電話,法人,29,680,0,19720,8874,10846,0,29.8
2025-03-26,S012,北海道,札幌,旗艦,家電,エアコン,電話,プレミアム会員,44,85000,0.05,3553000,2318800,1234200,1,50.1
2025-03-26,S012,北海道,札幌,旗艦,家電,テレビ,店頭,法人,45,95000,0.2,3420000,2351250,1068750,3,24.7
2025-03-26,S012,北海道,札幌,旗艦,衣料,ダウンジャケット,EC,会員,38,18000,0.2,547200,342000,205200,0,32.1
2025-03-26,S021,東北,仙台,旗艦,衣料,ダウンジャケット,EC,一般,47,18000,0.1,761400,423000,338400,0,18.3
2025-03-26,S021,東北,仙台,旗艦,食品,コーヒー豆,EC,法人,24,1280,0.1,27648,12288,15360,0,13.3
2025-03-26,S021,東北,仙台,旗艦,食品,プレミアム米,電話,一般,36,4800,0.1,155520,82944,72576,1,38.4
2025-03-26,S021,東北,仙台,旗艦,日用品,洗剤,店頭,会員,28,680,0.15,16184,8568,7616,0,41.5
2025-03-26,S021,東北,仙台,旗艦,家電,冷蔵庫,電話,一般,42,128000,0,5376000,3118080,2257920,0,41.7
2025-03-26,S021,東北,仙台,旗艦,衣料,Tシャツ,EC,プレミアム会員,27,2400,0.1,58320,27216,31104,0,61.0
2025-03-26,S022,東北,仙台,小型,衣料,ダウンジャケット,電話,一般,7,18000,0,126000,63000,63000,0,2.2
2025-03-26,S022,東北,仙台,小型,衣料,Tシャツ,電話,会員,7,2400,0,16800,7056,9744,0,36.9
2025-03-26,S022,東北,仙台,小型,家電,エアコン,電話,会員,13,85000,0.05,1049750,685100,364650,1,35.7
2025-03-26,S022,東北,仙台,小型,食品,コーヒー豆,電話,会員,9,1280,0,11520,4608,6912,0,25.4
2025-03-26,S031,関東,東京,標準,衣料,Tシャツ,電話,会員,12,2400,0.05,27360,12096,15264,0,28.9
2025-03-26,S031,関東,東京,標準,食品,プレミアム米,店頭,プレミアム会員,13,4800,0,62400,29952,32448,0,48.5
2025-03-26,S031,関東,東京,標準,食品,コーヒー豆,電話,一般,25,1280,0.05,30400,12800,17600,0,48.1
2025-03-26,S032,関東,東京,旗艦,日用品,ティッシュ,電話,プレミアム会員,54,420,0.05,21546,12474,9072,1,43.8
2025-03-26,S032,関東,東京,旗艦,家電,テレビ,EC,会員,39,95000,0,3705000,2037750,1667250,0,22.8
2025-03-26,S032,関東,東京,旗艦,家電,エアコン,EC,法人,54,85000,0,4590000,2845800,1744200,1,37.2
2025-03-26,S032,関東,東京,旗艦,家電,冷蔵庫,電話,会員,33,128000,0,4224000,2449920,1774080,0,33.7
2025-03-26,S032,関東,東京,旗艦,食品,コーヒー豆,EC,一般,41,1280,0.1,47232,20992,26240,1,35.3
2025-03-26,S032,関東,東京,旗艦,食品,プレミアム米,店頭,一般,31,4800,0,148800,71424,77376,0,33.7
2025-03-26,S041,中部,名古屋,旗艦,衣料,Tシャツ,EC,一般,48,2400,0,115200,48384,66816,1,47.8
2025-03-26,S041,中部,名古屋,旗艦,家電,テレビ,EC,一般,26,95000,0,2470000,1358500,1111500,0,31.1
2025-03-26,S041,中部,名古屋,旗艦,日用品,洗剤,EC,プレミアム会員,25,680,0.15,14450,7650,6800,0,46.1
2025-03-26,S041,中部,名古屋,旗艦,食品,コーヒー豆,電話,一般,44,1280,0.05,53504,22528,30976,0,13.9
2025-03-26,S041,中部,名古屋,旗艦,日用品,ティッシュ,電話,プレミアム会員,19,420,0,7980,4389,3591,1,6.4
2025-03-26,S042,中部,名古屋,旗艦,家電,テレビ,EC,会員,33,95000,0.1,2821500,1724250,1097250,0,39.9
2025-03-26,S042,中部,名古屋,旗艦,衣料,ダウンジャケット,店頭,一般,49,18000,0.2,705600,441000,264600,1,47.2
2025-03-26,S042,中部,名古屋,旗艦,日用品,ティッシュ,電話,法人,55,420,0.05,21945,12705,9240,1,33.1
2025-03-26,S042,中部,名古屋,旗艦,食品,コーヒー豆,電話,会員,48,1280,0,61440,24576,36864,1,29.9
2025-03-26,S042,中部,名古屋,旗艦,日用品,洗剤,EC,プレミアム会員,44,680,0.2,23936,13464,10472,2,45.7
2025-03-26,S051,関西,大阪,小型,食品,プレミアム米,EC,プレミアム会員,13,4800,0.05,59280,29952,29328,0,50.1
2025-03-26,S051,関西,大阪,小型,家電,エアコン,EC,会員,5,85000,0.15,361250,263500,97750,0,35.9
2025-03-26,S051,関西,大阪,小型,衣料,Tシャツ,EC,法人,10,2400,0.15,20400,10080,10320,0,43.7
2025-03-26,S051,関西,大阪,小型,家電,冷蔵庫,電話,プレミアム会員,11,128000,0.1,1267200,816640,450560,0,43.2
2025-03-26,S051,関西,大阪,小型,食品,コーヒー豆,電話,プレミアム会員,11,1280,0,14080,5632,8448,0,51.2
2025-03-26,S052,関西,大阪,旗艦,食品,コーヒー豆,電話,会員,42,1280,0.1,48384,21504,26880,0,25.2
2025-03-26,S052,関西,大阪,旗艦,食品,プレミアム米,店頭,プレミアム会員,37,4800,0,177600,85248,92352,0,44.3
2025-03-26,S052,関西,大阪,旗艦,衣料,Tシャツ,店頭,プレミアム会員,45,2400,0.05,102600,45360,57240,1,36.1
2025-03-26,S061,中国,広島,小型,家電,テレビ,店頭,法人,4,95000,0.1,342000,209000,133000,0,36.2
2025-03-26,S061,中国,広島,小型,家電,冷蔵庫,EC,プレミアム会員,12,128000,0.2,1228800,890879,337921,0,63.2
2025-03-26,S061,中国,広島,小型,衣料,Tシャツ,店頭,会員,10,2400,0.05,22800,10080,12720,0,26.7
2025-03-26,S061,中国,広島,小型,家電,エアコン,店頭,プレミアム会員,6,85000,0,510000,316200,193800,0,30.1
2025-03-26,S061,中国,広島,小型,衣料,ダウンジャケット,店頭,プレミアム会員,9,18000,0.1,145800,81000,64800,0,47.0
2025-03-26,S062,中国,広島,小型,日用品,ティッシュ,店頭,会員,5,420,0,2100,1155,945,0,40.4
2025-03-26,S062,中国,広島,小型,日用品,洗剤,EC,一般,9,680,0,6120,2754,3366,0,46.7
2025-03-26,S062,中国,広島,小型,家電,テレビ,電話,一般,10,95000,0,950000,522500,427500,0,26.0
2025-03-26,S071,九州,福岡,小型,家電,テレビ,店頭,プレミアム会員,7,95000,0.05,631750,365750,266000,0,47.8
2025-03-26,S071,九州,福岡,小型,日用品,ティッシュ,電話,一般,10,420,0,4200,2310,1890,0,33.4
2025-03-26,S071,九州,福岡,小型,衣料,ダウンジャケット,EC,会員,8,18000,0.15,122400,72000,50400,0,39.6
2025-03-26,S071,九州,福岡,小型,家電,冷蔵庫,電話,プレミアム会員,6,128000,0,768000,445439,322561,0,51.9
2025-03-26,S071,九州,福岡,小型,食品,コーヒー豆,電話,一般,14,1280,0.05,17024,7168,9856,0,25.2
2025-03-26,S072,九州,福岡,旗艦,家電,冷蔵庫,店頭,会員,37,128000,0,4736000,2746880,1989120,1,17.3
2025-03-26,S072,九州,福岡,旗艦,衣料,ダウンジャケット,EC,法人,50,18000,0,900000,450000,450000,3,36.0
2025-03-26,S072,九州,福岡,旗艦,家電,テレビ,EC,法人,15,95000,0,1425000,783750,641250,0,32.3
2025-03-26,S072,九州,福岡,旗艦,食品,コーヒー豆,EC,法人,45,1280,0,57600,23040,34560,0,25.0
2025-03-26,S072,九州,福岡,旗艦,日用品,洗剤,店頭,法人,36,680,0.2,19584,11016,8568,0,24.4
2025-03-26,S072,九州,福岡,旗艦,日用品,ティッシュ,電話,一般,43,420,0.05,17157,9933,7224,0,22.5
2025-04-02,S011,北海道,札幌,小型,衣料,Tシャツ,店頭,プレミアム会員,8,2400,0,19200,8064,11136,0,30.2
2025-04-02,S011,北海道,札幌,小型,家電,テレビ,EC,プレミアム会員,7,95000,0.15,565250,365750,199500,0,35.5
2025-04-02,S011,北海道,札幌,小型,日用品,洗剤,電話,法人,5,680,0,3400,1530,1870,0,22.7
2025-04-02,S011,北海道,札幌,小型,食品,プレミアム米,電話,一般,10,4800,0.05,45600,23040,22560,0,35.2
2025-04-02,S012,北海道,札幌,旗艦,食品,コーヒー豆,店頭,会員,42,1280,0.1,48384,21504,26880,2,20.3
2025-04-02,S012,北海道,札幌,旗艦,衣料,ダウンジャケット,店頭,会員,32,18000,0,576000,288000,288000,0,17.9
2025-04-02,S012,北海道,札幌,旗艦,衣料,Tシャツ,店頭,会員,50,2400,0.15,102000,50400,51600,1,22.9
2025-04-02,S012,北海道,札幌,旗艦,食品,プレミアム米,電話,プレミアム会員,64,4800,0.15,261120,147456,113664,0,56.0
2025-04-02,S012,北海道,札幌,旗艦,家電,エアコン,店頭,一般,38,85000,0.1,2907000,2002600,904400,1,29.0
2025-04-02,S012,北海道,札幌,旗艦,日用品,ティッシュ,店頭,プレミアム会員,63,420,0,26460,14553,11907,2,60.4
2025-04-02,S021,東北,仙台,旗艦,家電,冷蔵庫,EC,法人,40,128000,0.15,4352000,2969600,1382400,0,40.7
2025-04-02,S021,東北,仙台,旗艦,日用品,ティッシュ,EC,法人,23,420,0.05,9177,5313,3864,0,39.8
2025-04-02,S021,東北,仙台,旗艦,食品,プレミアム米,EC,法人,51,4800,0,244800,117504,127296,0,53.7
2025-04-02,S021,東北,仙台,旗艦,家電,エアコン,店頭,会員,57,85000,0,4845000,3003900,1841100,1,27.5
2025-04-02,S021,東北,仙台,旗艦,衣料,Tシャツ,EC,会員,26,2400,0,62400,26208,36192,1,46.5
2025-04-02,S022,東北,仙台,小型,食品,プレミアム米,EC,プレミアム会員,10,4800,0,48000,23040,24960,1,24.5
2025-04-02,S022,東北,仙台,小型,家電,テレビ,店頭,プレミアム会員,7,95000,0.05,631750,365750,266000,1,38.0
2025-04-02,S022,東北,仙台,小型,日用品,洗剤,店頭,一般,5,680,0,3400,1530,1870,0,3.2
2025-04-02,S022,東北,仙台,小型,日用品,ティッシュ,店頭,会員,6,420,0.15,2142,1386,756,0,-4.2
2025-04-02,S022,東北,仙台,小型,衣料,Tシャツ,EC,法人,6,2400,0.1,12960,6048,6912,0,41.5
2025-04-02,S022,東北,仙台,小型,食品,コーヒー豆,電話,一般,11,1280,0.15,11968,5632,6336,0,14.0
2025-04-02,S031,関東,東京,標準,家電,エアコン,EC,法人,16,85000,0,1360000,843200,516800,0,50.8
2025-04-02,S031,関東,東京,標準,食品,コーヒー豆,EC,会員,19,1280,0,24320,9728,14592,0,14.8
2025-04-02,S031,関東,東京,標準,日用品,ティッシュ,EC,プレミアム会員,28,420,0,11760,6468,5292,0,29.3
2025-04-02,S031,関東,東京,標準,衣料,Tシャツ,EC,一般,17,2400,0,40800,17136,23664,0,30.6
2025-04-02,S031,関東,東京,標準,日用品,洗剤,店頭,プレミアム会員,21,680,0,14280,6426,7854,1,46.3
2025-04-02,S032,関東,東京,旗艦,家電,テレビ,EC,プレミアム会員,38,95000,0.2,2888000,1985500,902500,1,63.7
2025-04-02,S032,関東,東京,旗艦,衣料,Tシャツ,店頭,法人,46,2400,0,110400,46368,64032,2,27.2
2025-04-02,S032,関東,東京,旗艦,食品,コーヒー豆,店頭,会員,44,1280,0.2,45056,22528,22528,0,31.0
2025-04-02,S041,中部,名古屋,旗艦,日用品,洗剤,電話,プレミアム会員,48,680,0.2,26112,14688,11424,1,50.4
2025-04-02,S041,中部,名古屋,旗艦,衣料,ダウンジャケット,EC,法人,44,18000,0,792000,396000,396000,0,34.3
2025-04-02,S041,中部,名古屋,旗艦,食品,コーヒー豆,電話,会員,26,1280,0.05,31616,13312,18304,1,28.8
2025-04-02,S041,中部,名古屋,旗艦,食品,プレミアム米,EC,一般,54,4800,0,259200,124416,134784,2,24.2
2025-04-02,S041,中部,名古屋,旗艦,家電,冷蔵庫,電話,プレミアム会員,57,128000,0,7296000,4231680,3064320,0,57.1
2025-04-02,S041,中部,名古屋,旗艦,日用品,ティッシュ,EC,法人,48,420,0.1,18144,11088,7056,2,18.3
2025-04-02,S042,中部,名古屋,旗艦,日用品,ティッシュ,電話,法人,22,420,0,9240,5082,4158,0,28.4
2025-04-02,S042,中部,名古屋,旗艦,衣料,Tシャツ,店頭,プレミアム会員,24,2400,0.15,48960,24192,24768,0,38.0
2025-04-02,S042,中部,名古屋,旗艦,食品,プレミアム米,電話,一般,29,4800,0,139200,66816,72384,0,17.6
2025-04-02,S042,中部,名古屋,旗艦,家電,エアコン,電話,法人,47,85000,0,3995000,2476900,1518100,1,39.6
2025-04-02,S042,中部,名古屋,旗艦,家電,テレビ,店頭,一般,45,95000,0.1,3847500,2351250,1496250,0,17.4
2025-04-02,S051,関西,大阪,小型,家電,冷蔵庫,電話,会員,5,128000,0.05,608000,371200,236800,0,8.6
2025-04-02,S051,関西,大阪,小型,衣料,Tシャツ,電話,会員,13,2400,0,31200,13104,18096,0,25.1
2025-04-02,S051,関西,大阪,小型,食品,プレミアム米,店頭,法人,14,4800,0,67200,32256,34944,0,11.7
2025-04-02,S052,関西,大阪,旗艦,日用品,ティッシュ,店頭,法人,9,420,0,3780,2079,1701,2,39.0
2025-04-02,S052,関西,大阪,旗艦,家電,テレビ,EC,一般,37,95000,0.05,3339250,1933250,1406000,1,29.0
2025-04-02,S052,関西,大阪,旗艦,食品,プレミアム米,EC,会員,36,4800,0.1,155520,82944,72576,0,31.0
2025-04-02,S052,関西,大阪,旗艦,家電,エアコン,電話,一般,31,85000,0.05,2503250,1633700,869550,0,24.5
2025-04-02,S052,関西,大阪,旗艦,衣料,ダウンジャケット,店頭,一般,31,18000,0.05,530100,279000,251100,0,44.0
2025-04-02,S061,中国,広島,小型,家電,エアコン,店頭,プレミアム会員,10,85000,0.05,807500,527000,280500,0,38.5
2025-04-02,S061,中国,広島,小型,食品,プレミアム米,EC,法人,4,4800,0.2,15360,9216,6144,0,31.7
2025-04-02,S061,中国,広島,小型,家電,テレビ,店頭,一般,8,95000,0.05,722000,418000,304000,1,23.7
2025-04-02,S062,中国,広島,小型,家電,冷蔵庫,店頭,一般,6,128000,0,768000,445439,322561,1,41.6
2025-04-02,S062,中国,広島,小型,食品,コーヒー豆,EC,会員,11,1280,0,14080,5632,8448,0,19.5
2025-04-02,S062,中国,広島,小型,家電,テレビ,電話,会員,9,95000,0,855000,470250,384750,1,22.3
2025-04-02,S062,中国,広島,小型,衣料,ダウンジャケット,店頭,法人,7,18000,0.15,107100,63000,44100,0,33.0
2025-04-02,S062,中国,広島,小型,食品,プレミアム米,店頭,会員,8,4800,0.1,34560,18432,16128,0,21.2
2025-04-02,S062,中国,広島,小型,日用品,洗剤,EC,一般,7,680,0,4760,2142,2618,0,39.2
2025-04-02,S071,九州,福岡,小型,食品,プレミアム米,電話,法人,15,4800,0.1,64800,34560,30240,0,39.4
2025-04-02,S071,九州,福岡,小型,家電,冷蔵庫,店頭,一般,13,128000,0.15,1414400,965119,449281,1,43.6
2025-04-02,S071,九州,福岡,小型,衣料,ダウンジャケット,EC,一般,10,18000,0,180000,90000,90000,1,31.8
2025-04-02,S072,九州,福岡,旗艦,家電,冷蔵庫,店頭,一般,43,128000,0,5504000,3192320,2311680,0,30.4
2025-04-02,S072,九州,福岡,旗艦,衣料,ダウンジャケット,店頭,一般,44,18000,0.2,633600,396000,237600,0,40.1
2025-04-02,S072,九州,福岡,旗艦,日用品,ティッシュ,EC,プレミアム会員,23,420,0,9660,5313,4347,1,42.6
2025-04-02,S072,九州,福岡,旗艦,衣料,Tシャツ,店頭,プレミアム会員,51,2400,0.2,97920,51408,46512,0,52.1
2025-04-02,S072,九州,福岡,旗艦,食品,プレミアム米,店頭,一般,42,4800,0,201600,96768,104832,1,39.6
2025-04-09,S011,北海道,札幌,小型,衣料,Tシャツ,店頭,会員,14,2400,0.1,30240,14112,16128,1,25.0
2025-04-09,S011,北海道,札幌,小型,家電,テレビ,EC,一般,11,95000,0,1045000,574750,470250,2,31.2
2025-04-09,S011,北海道,札幌,小型,日用品,洗剤,電話,プレミアム会員,5,680,0.2,2720,1530,1190,1,38.8
2025-04-09,S011,北海道,札幌,小型,家電,冷蔵庫,店頭,プレミアム会員,10,128000,0.1,1152000,742400,409600,0,47.7
2025-04-09,S011,北海道,札幌,小型,日用品,ティッシュ,店頭,一般,6,420,0.1,2268,1386,882,0,46.0
2025-04-09,S012,北海道,札幌,旗艦,食品,コーヒー豆,店頭,一般,34,1280,0.1,39168,17408,21760,2,27.6
2025-04-09,S012,北海道,札幌,旗艦,食品,プレミアム米,電話,会員,23,4800,0,110400,52992,57408,0,28.7
2025-04-09,S012,北海道,札幌,旗艦,家電,エアコン,店頭,法人,47,85000,0.05,3795250,2476900,1318350,1,46.0
2025-04-09,S012,北海道,札幌,旗艦,日用品,ティッシュ,店頭,一般,33,420,0.05,13167,7623,5544,0,29.9
2025-04-09,S012,北海道,札幌,旗艦,家電,冷蔵庫,EC,一般,56,128000,0,7168000,4157439,3010561,0,2.7
2025-04-09,S021,東北,仙台,旗艦,家電,テレビ,店頭,一般,55,95000,0.1,4702500,2873750,1828750,0,19.0
2025-04-09,S021,東北,仙台,旗艦,家電,エアコン,電話,プレミアム会員,33,85000,0,2805000,1739100,1065900,0,34.5
2025-04-09,S021,東北,仙台,旗艦,日用品,洗剤,店頭,会員,38,680,0.05,24548,11628,12920,0,33.6
2025-04-09,S021,東北,仙台,旗艦,日用品,ティッシュ,電話,法人,37,420,0,15540,8547,6993,1,25.7
2025-04-09,S022,東北,仙台,小型,家電,テレビ,電話,プレミアム会員,11,95000,0,1045000,574750,470250,0,60.2
2025-04-09,S022,東北,仙台,小型,食品,プレミアム米,EC,会員,10,4800,0,48000,23040,24960,0,19.3
2025-04-09,S022,東北,仙台,小型,衣料,Tシャツ,店頭,プレミアム会員,10,2400,0,24000,10080,13920,1,49.2
2025-04-09,S022,東北,仙台,小型,家電,冷蔵庫,電話,会員,5,128000,0.1,576000,371200,204800,2,25.6
2025-04-09,S022,東北,仙台,小型,日用品,洗剤,店頭,法人,12,680,0,8160,3672,4488,0,10.8
2025-04-09,S022,東北,仙台,小型,食品,コーヒー豆,EC,一般,6,1280,0.15,6528,3072,3456,0,40.6
2025-04-09,S031,関東,東京,標準,食品,コーヒー豆,電話,会員,34,1280,0.05,41344,17408,23936,0,33.4
2025-04-09,S031,関東,東京,標準,食品,プレミアム米,EC,一般,21,4800,0.05,95760,48384,47376,0,27.3
2025-04-09,S031,関東,東京,標準,日用品,ティッシュ,電話,一般,17,420,0.1,6426,3927,2499,0,30.4
2025-04-09,S031,関東,東京,標準,家電,冷蔵庫,EC,会員,11,128000,0,1408000,816640,591360,0,36.9
2025-04-09,S032,関東,東京,旗艦,家電,エアコン,EC,会員,33,85000,0.15,2384250,1739100,645150,0,1.6
2025-04-09,S032,関東,東京,旗艦,衣料,ダウンジャケット,EC,会員,23,18000,0.2,331200,207000,124200,0,22.7
2025-04-09,S032,関東,東京,旗艦,食品,コーヒー豆,EC,法人,39,1280,0.15,42432,19968,22464,0,52.9
2025-04-09,S041,中部,名古屋,旗艦,衣料,Tシャツ,電話,会員,50,2400,0.2,96000,50400,45600,0,14.7
2025-04-09,S041,中部,名古屋,旗艦,家電,エアコン,EC,一般,13,85000,0,1105000,685100,419900,0,34.4
2025-04-09,S041,中部,名古屋,旗艦,家電,テレビ,EC,法人,36,95000,0.1,3078000,1881000,1197000,1,32.9
2025-04-09,S041,中部,名古屋,旗艦,日用品,洗剤,電話,一般,20,680,0,13600,6120,7480,0,38.8
2025-04-09,S041,中部,名古屋,旗艦,食品,プレミアム米,店頭,法人,38,4800,0.15,155040,87552,67488,1,24.1
2025-04-09,S042,中部,名古屋,旗艦,日用品,洗剤,電話,法人,39,680,0,26520,11934,14586,1,16.5
2025-04-09,S042,中部,名古屋,旗艦,食品,コーヒー豆,店頭,法人,44,1280,0.15,47872,22528,25344,0,25.5
2025-04-09,S042,中部,名古屋,旗艦,家電,テレビ,EC,法人,24,95000,0.15,1938000,1254000,684000,0,40.3
2025-04-09,S042,中部,名古屋,旗艦,食品,プレミアム米,店頭,会員,13,4800,0.05,59280,29952,29328,1,36.2
2025-04-09,S051,関西,大阪,小型,日用品,ティッシュ,EC,一般,8,420,0.2,2688,1848,840,0,38.4
2025-04-09,S051,関西,大阪,小型,家電,冷蔵庫,店頭,プレミアム会員,17,128000,0.05,2067200,1262080,805120,1,42.2
2025-04-09,S051,関西,大阪,小型,家電,エアコン,店頭,法人,8,85000,0.15,578000,421600,156400,1,37.7
2025-04-09,S051,関西,大阪,小型,衣料,ダウンジャケット,店頭,会員,10,18000,0.2,144000,90000,54000,1,24.4
2025-04-09,S052,関西,大阪,旗艦,食品,コーヒー豆,EC,プレミアム会員,16,1280,0,20480,8192,12288,0,49.4
2025-04-09,S052,関西,大阪,旗艦,衣料,Tシャツ,EC,プレミアム会員,48,2400,0,115200,48384,66816,0,41.3
2025-04-09,S052,関西,大阪,旗艦,日用品,洗剤,EC,プレミアム会員,33,680,0,22440,10098,12342,0,42.7
2025-04-09,S052,関西,大阪,旗艦,日用品,ティッシュ,店頭,会員,30,420,0,12600,6930,5670,0,33.5
2025-04-09,S052,関西,大阪,旗艦,衣料,ダウンジャケット,EC,会員,29,18000,0,522000,261000,261000,0,27.1
2025-04-09,S052,関西,大阪,旗艦,食品,プレミアム米,EC,プレミアム会員,38,4800,0,182400,87552,94848,0,55.7
2025-04-09,S061,中国,広島,小型,衣料,Tシャツ,EC,法人,10,2400,0,24000,10080,13920,0,47.7
2025-04-09,S061,中国,広島,小型,日用品,ティッシュ,電話,プレミアム会員,16,420,0.15,5712,3696,2016,0,31.9
2025-04-09,S061,中国,広島,小型,家電,エアコン,EC,会員,11,85000,0.05,888250,579700,308550,0,26.9
2025-04-09,S061,中国,広島,小型,食品,プレミアム米,EC,一般,11,4800,0,52800,25344,27456,0,24.6
2025-04-09,S062,中国,広島,小型,食品,プレミアム米,EC,一般,8,4800,0,38400,18432,19968,1,22.6
2025-04-09,S062,中国,広島,小型,日用品,洗剤,EC,会員,8,680,0,5440,2448,2992,1,41.7
2025-04-09,S062,中国,広島,小型,衣料,ダウンジャケット,電話,一般,12,18000,0.05,205200,108000,97200,0,23.2
2025-04-09,S071,九州,福岡,小型,食品,コーヒー豆,電話,法人,13,1280,0,16640,6656,9984,0,31.2
2025-04-09,S071,九州,福岡,小型,食品,プレミアム米,EC,プレミアム会員,8,4800,0.1,34560,18432,16128,1,61.5
2025-04-09,S071,九州,福岡,小型,家電,冷蔵庫,EC,法人,12,128000,0.2,1228800,890879,337921,0,32.5
2025-04-09,S072,九州,福岡,旗艦,食品,プレミアム米,店頭,会員,28,4800,0.1,120960,64512,56448,3,34.4
2025-04-09,S072,九州,福岡,旗艦,家電,テレビ,電話,法人,39,95000,0,3705000,2037750,1667250,2,30.7
2025-04-09,S072,九州,福岡,旗艦,衣料,Tシャツ,EC,法人,46,2400,0.1,99360,46368,52992,1,30.2
2025-04-09,S072,九州,福岡,旗艦,日用品,ティッシュ,店頭,法人,33,420,0,13860,7623,6237,0,28.8
2025-04-09,S072,九州,福岡,旗艦,食品,コーヒー豆,EC,プレミアム会員,20,1280,0,25600,10240,15360,0,45.8
2025-04-09,S072,九州,福岡,旗艦,家電,エアコン,EC,プレミアム会員,40,85000,0.15,2890000,2108000,782000,1,33.3
2025-04-16,S011,北海道,札幌,小型,食品,プレミアム米,店頭,一般,10,4800,0,48000,23040,24960,0,20.8
2025-04-16,S011,北海道,札幌,小型,家電,テレビ,EC,法人,8,95000,0.2,608000,418000,190000,0,48.2
2025-04-16,S011,北海道,札幌,小型,日用品,洗剤,電話,一般,6,680,0,4080,1836,2244,1,34.0
2025-04-16,S011,北海道,札幌,小型,食品,コーヒー豆,店頭,会員,8,1280,0,10240,4096,6144,0,34.5
2025-04-16,S011,北海道,札幌,小型,家電,冷蔵庫,EC,会員,12,128000,0.15,1305600,890879,414721,0,39.6
2025-04-16,S012,北海道,札幌,旗艦,日用品,ティッシュ,店頭,会員,34,420,0.1,12852,7854,4998,0,39.4
2025-04-16,S012,北海道,札幌,旗艦,家電,冷蔵庫,電話,プレミアム会員,37,128000,0,4736000,2746880,1989120,2,58.0
2025-04-16,S012,北海道,札幌,旗艦,衣料,Tシャツ,店頭,一般,48,2400,0,115200,48384,66816,0,28.7
2025-04-16,S012,北海道,札幌,旗艦,衣料,ダウンジャケット,EC,法人,25,18000,0,450000,225000,225000,2,32.8
2025-04-16,S012,北海道,札幌,旗艦,食品,コーヒー豆,店頭,一般,53,1280,0.05,64448,27136,37312,0,31.2
2025-04-16,S021,東北,仙台,旗艦,家電,エアコン,電話,プレミアム会員,48,85000,0.1,3672000,2529600,1142400,1,13.5
2025-04-16,S021,東北,仙台,旗艦,衣料,ダウンジャケット,店頭,プレミアム会員,35,18000,0,630000,315000,315000,0,39.0
2025-04-16,S021,東北,仙台,旗艦,家電,テレビ,店頭,会員,36,95000,0,3420000,1881000,1539000,0,33.3
2025-04-16,S021,東北,仙台,旗艦,食品,プレミアム米,電話,一般,43,4800,0,206400,99072,107328,2,31.6
2025-04-16,S022,東北,仙台,小型,家電,エアコン,EC,一般,10,85000,0,850000,527000,323000,0,20.0
2025-04-16,S022,東北,仙台,小型,日用品,洗剤,店頭,会員,5,680,0.1,3060,1530,1530,0,25.5
2025-04-16,S022,東北,仙台,小型,衣料,Tシャツ,EC,一般,14,2400,0,33600,14112,19488,1,40.5
2025-04-16,S022,東北,仙台,小型,食品,プレミアム米,店頭,会員,9,4800,0.1,38880,20736,18144,0,27.7
2025-04-16,S022,東北,仙台,小型,日用品,ティッシュ,電話,一般,5,420,0,2100,1155,945,0,39.5
2025-04-16,S022,東北,仙台,小型,食品,コーヒー豆,店頭,一般,14,1280,0,17920,7168,10752,1,18.8
2025-04-16,S031,関東,東京,標準,食品,コーヒー豆,EC,法人,14,1280,0.05,17024,7168,9856,0,56.3
2025-04-16,S031,関東,東京,標準,家電,テレビ,店頭,法人,34,95000,0,3230000,1776500,1453500,0,28.3
2025-04-16,S031,関東,東京,標準,日用品,洗剤,EC,プレミアム会員,20,680,0,13600,6120,7480,0,33.2
2025-04-16,S031,関東,東京,標準,衣料,Tシャツ,EC,プレミアム会員,22,2400,0.15,44880,22176,22704,1,43.1
2025-04-16,S031,関東,東京,標準,家電,エアコン,電話,法人,18,85000,0,1530000,948600,581400,2,45.8
2025-04-16,S031,関東,東京,標準,家電,冷蔵庫,EC,プレミアム会員,11,128000,0,1408000,816640,591360,1,46.4
2025-04-16,S032,関東,東京,旗艦,食品,プレミアム米,電話,一般,48,4800,0.15,195840,110592,85248,1,25.3
2025-04-16,S032,関東,東京,旗艦,衣料,ダウンジャケット,店頭,一般,37,18000,0,666000,333000,333000,1,28.3
2025-04-16,S032,関東,東京,旗艦,日用品,ティッシュ,電話,法人,56,420,0.15,19992,12936,7056,2,9.6
2025-04-16,S041,中部,名古屋,旗艦,食品,プレミアム米,EC,法人,40,4800,0.1,172800,92160,80640,0,50.2
2025-04-16,S041,中部,名古屋,旗艦,食品,コーヒー豆,店頭,一般,39,1280,0.15,42432,19968,22464,1,32.8
2025-04-16,S041,中部,名古屋,旗艦,日用品,洗剤,電話,一般,38,680,0.2,20672,11628,9044,2,37.5
2025-04-16,S041,中部,名古屋,旗艦,衣料,ダウンジャケット,店頭,法人,31,18000,0,558000,279000,279000,0,26.1
2025-04-16,S041,中部,名古屋,旗艦,日用品,ティッシュ,店頭,法人,36,420,0.2,12096,8316,3780,0,32.1
2025-04-16,S042,中部,名古屋,旗艦,衣料,ダウンジャケット,店頭,法人,44,18000,0.05,752400,396000,356400,0,25.4
2025-04-16,S042,中部,名古屋,旗艦,日用品,ティッシュ,EC,一般,50,420,0,21000,11550,9450,1,45.8
2025-04-16,S042,中部,名古屋,旗艦,衣料,Tシャツ,EC,会員,33,2400,0.15,67320,33264,34056,0,14.4
2025-04-16,S042,中部,名古屋,旗艦,家電,テレビ,電話,法人,53,95000,0.15,4279750,2769250,1510500,0,25.0
2025-04-16,S042,中部,名古屋,旗艦,食品,プレミアム米,EC,法人,33,4800,0,158400,76032,82368,0,19.1
2025-04-16,S042,中部,名古屋,旗艦,家電,エアコン,EC,プレミアム会員,48,85000,0.2,3264000,2529600,734400,1,43.5
2025-04-16,S051,関西,大阪,小型,家電,エアコン,EC,プレミアム会員,11,85000,0.2,748000,579700,168300,0,53.5
2025-04-16,S051,関西,大阪,小型,家電,テレビ,店頭,法人,8,95000,0,760000,418000,342000,1,29.4
2025-04-16,S051,関西,大阪,小型,食品,プレミアム米,店頭,会員,10,4800,0.1,43200,23040,20160,1,45.8
2025-04-16,S052,関西,大阪,旗艦,家電,冷蔵庫,EC,一般,49,128000,0.05,5958400,3637759,2320641,0,19.5
2025-04-16,S052,関西,大阪,旗艦,食品,コーヒー豆,電話,法人,38,1280,0.1,43776,19456,24320,2,40.4
2025-04-16,S052,関西,大阪,旗艦,衣料,Tシャツ,電話,法人,41,2400,0,98400,41328,57072,0,20.4
2025-04-16,S052,関西,大阪,旗艦,家電,エアコン,店頭,会員,32,85000,0.2,2176000,1686400,489600,1,26.4
2025-04-16,S052,関西,大阪,旗艦,日用品,ティッシュ,EC,プレミアム会員,33,420,0.05,13167,7623,5544,1,61.3
2025-04-16,S061,中国,広島,小型,衣料,Tシャツ,EC,一般,8,2400,0.2,15360,8064,7296,1,33.0
2025-04-16,S061,中国,広島,小型,日用品,洗剤,店頭,一般,14,680,0.1,8568,4284,4284,0,33.8
2025-04-16,S061,中国,広島,小型,家電,テレビ,電話,法人,7,95000,0,665000,365750,299250,0,24.1
2025-04-16,S062,中国,広島,小型,食品,プレミアム米,EC,法人,7,4800,0.15,28560,16128,12432,0,22.5
2025-04-16,S062,中国,広島,小型,食品,コーヒー豆,店頭,会員,8,1280,0.2,8192,4096,4096,0,29.3
2025-04-16,S062,中国,広島,小型,家電,冷蔵庫,電話,法人,6,128000,0.1,691200,445439,245761,0,25.8
2025-04-16,S062,中国,広島,小型,日用品,洗剤,店頭,プレミアム会員,7,680,0.15,4046,2142,1904,0,41.0
2025-04-16,S062,中国,広島,小型,衣料,ダウンジャケット,EC,法人,7,18000,0,126000,63000,63000,1,9.7
2025-04-16,S071,九州,福岡,小型,食品,プレミアム米,電話,会員,9,4800,0.05,41040,20736,20304,1,30.5
2025-04-16,S071,九州,福岡,小型,日用品,ティッシュ,店頭,会員,11,420,0.2,3696,2541,1155,0,18.1
2025-04-16,S071,九州,福岡,小型,衣料,Tシャツ,電話,法人,4,2400,0,9600,4032,5568,1,33.5
2025-04-16,S071,九州,福岡,小型,家電,テレビ,EC,プレミアム会員,11,95000,0.15,888250,574750,313500,0,39.6
2025-04-16,S072,九州,福岡,旗艦,衣料,ダウンジャケット,店頭,プレミアム会員,20,18000,0.05,342000,180000,162000,0,59.3
2025-04-16,S072,九州,福岡,旗艦,家電,エアコン,店頭,法人,29,85000,0.2,1972000,1528300,443700,0,23.5
2025-04-16,S072,九州,福岡,旗艦,衣料,Tシャツ,店頭,一般,17,2400,0.2,32640,17136,15504,0,38.3
2025-04-23,S011,北海道,札幌,小型,日用品,洗剤,EC,プレミアム会員,9,680,0.2,4896,2754,2142,0,39.0
2025-04-23,S011,北海道,札幌,小型,家電,冷蔵庫,電話,会員,11,128000,0,1408000,816640,591360,0,44.4
2025-04-23,S011,北海道,札幌,小型,食品,プレミアム米,EC,法人,17,4800,0,81600,39168,42432,0,26.9
2025-04-23,S012,北海道,札幌,旗艦,家電,冷蔵庫,電話,会員,64,128000,0,8192000,4751360,3440640,0,17.6
2025-04-23,S012,北海道,札幌,旗艦,食品,コーヒー豆,EC,一般,54,1280,0.15,58752,27648,31104,2,26.6
2025-04-23,S012,北海道,札幌,旗艦,日用品,ティッシュ,電話,一般,32,420,0,13440,7392,6048,0,29.8
2025-04-23,S012,北海道,札幌,旗艦,日用品,洗剤,電話,プレミアム会員,51,680,0.2,27744,15606,12138,0,31.4
2025-04-23,S012,北海道,札幌,旗艦,衣料,ダウンジャケット,店頭,法人,19,18000,0.05,324900,171000,153900,1,54.1
2025-04-23,S021,東北,仙台,旗艦,家電,冷蔵庫,EC,プレミアム会員,28,128000,0.2,2867200,2078719,788481,0,32.8
2025-04-23,S021,東北,仙台,旗艦,日用品,洗剤,店頭,プレミアム会員,54,680,0.05,34884,16524,18360,0,32.8
2025-04-23,S021,東北,仙台,旗艦,家電,テレビ,EC,法人,42,95000,0.2,3192000,2194500,997500,1,34.2
2025-04-23,S021,東北,仙台,旗艦,衣料,Tシャツ,EC,一般,30,2400,0.2,57600,30240,27360,1,19.8
2025-04-23,S021,東北,仙台,旗艦,食品,コーヒー豆,電話,一般,36,1280,0.2,36864,18432,18432,2,35.5
2025-04-23,S022,東北,仙台,小型,家電,テレビ,電話,一般,11,95000,0.15,888250,574750,313500,0,52.2
2025-04-23,S022,東北,仙台,小型,家電,エアコン,店頭,法人,8,85000,0.2,544000,421600,122400,1,25.1
2025-04-23,S022,東北,仙台,小型,日用品,洗剤,電話,会員,9,680,0.2,4896,2754,2142,1,25.4
2025-04-23,S022,東北,仙台,小型,家電,冷蔵庫,店頭,法人,12,128000,0,1536000,890879,645121,1,52.3
2025-04-23,S022,東北,仙台,小型,衣料,Tシャツ,電話,会員,10,2400,0.1,21600,10080,11520,0,19.9
2025-04-23,S022,東北,仙台,小型,日用品,ティッシュ,店頭,法人,6,420,0,2520,1386,1134,0,53.4
2025-04-23,S031,関東,東京,標準,食品,プレミアム米,EC,会員,27,4800,0.1,116640,62208,54432,1,44.1
2025-04-23,S031,関東,東京,標準,衣料,Tシャツ,EC,法人,29,2400,0.2,55680,29232,26448,0,24.7
2025-04-23,S031,関東,東京,標準,日用品,ティッシュ,電話,会員,26,420,0.2,8736,6006,2730,2,28.0
2025-04-23,S032,関東,東京,旗艦,家電,テレビ,EC,会員,59,95000,0.05,5324750,3082750,2242000,1,49.3
2025-04-23,S032,関東,東京,旗艦,食品,プレミアム米,店頭,プレミアム会員,48,4800,0.05,218880,110592,108288,0,54.6
2025-04-23,S032,関東,東京,旗艦,衣料,ダウンジャケット,電話,法人,33,18000,0,594000,297000,297000,1,30.4
2025-04-23,S032,関東,東京,旗艦,家電,冷蔵庫,EC,法人,32,128000,0.15,3481600,2375680,1105920,0,15.7
2025-04-23,S032,関東,東京,旗艦,日用品,ティッシュ,店頭,一般,47,420,0.1,17766,10857,6909,1,33.9
2025-04-23,S032,関東,東京,旗艦,食品,コーヒー豆,店頭,法人,74,1280,0.15,80512,37888,42624,0,45.9
2025-04-23,S041,中部,名古屋,旗艦,家電,エアコン,電話,法人,36,85000,0,3060000,1897200,1162800,2,27.5
2025-04-23,S041,中部,名古屋,旗艦,日用品,ティッシュ,店頭,一般,31,420,0.1,11718,7161,4557,0,19.1
2025-04-23,S041,中部,名古屋,旗艦,衣料,ダウンジャケット,EC,会員,40,18000,0,720000,360000,360000,0,43.5
2025-04-23,S042,中部,名古屋,旗艦,日用品,ティッシュ,店頭,法人,55,420,0.15,19635,12705,6930,0,21.9
2025-04-23,S042,中部,名古屋,旗艦,家電,冷蔵庫,EC,プレミアム会員,49,128000,0.1,5644800,3637759,2007041,0,68.4
2025-04-23,S042,中部,名古屋,旗艦,家電,テレビ,EC,法人,40,95000,0.2,3040000,2090000,950000,0,45.1
2025-04-23,S042,中部,名古屋,旗艦,家電,エアコン,EC,一般,32,85000,0,2720000,1686400,1033600,1,37.0
2025-04-23,S051,関西,大阪,小型,衣料,ダウンジャケット,電話,法人,1,18000,0.05,17100,9000,8100,1,40.9
2025-04-23,S051,関西,大阪,小型,日用品,ティッシュ,電話,法人,10,420,0.05,3990,2310,1680,0,31.0
2025-04-23,S051,関西,大阪,小型,家電,冷蔵庫,店頭,一般,8,128000,0,1024000,593920,430080,0,33.1
2025-04-23,S052,関西,大阪,旗艦,日用品,洗剤,EC,一般,46,680,0,31280,14076,17204,1,12.1
2025-04-23,S052,関西,大阪,旗艦,家電,エアコン,EC,一般,32,85000,0,2720000,1686400,1033600,3,17.4
2025-04-23,S052,関西,大阪,旗艦,日用品,ティッシュ,店頭,プレミアム会員,49,420,0,20580,11319,9261,2,47.4
2025-04-23,S052,関西,大阪,旗艦,食品,プレミアム米,電話,法人,11,4800,0.1,47520,25344,22176,0,24.1
2025-04-23,S052,関西,大阪,旗艦,家電,冷蔵庫,店頭,法人,31,128000,0,3968000,2301440,1666560,4,13.8
2025-04-23,S061,中国,広島,小型,日用品,洗剤,EC,プレミアム会員,11,680,0.1,6732,3366,3366,0,56.2
2025-04-23,S061,中国,広島,小型,家電,エアコン,EC,プレミアム会員,9,85000,0,765000,474300,290700,0,65.6
2025-04-23,S061,中国,広島,小型,食品,プレミアム米,EC,一般,12,4800,0.05,54720,27648,27072,0,31.8
2025-04-23,S061,中国,広島,小型,食品,コーヒー豆,電話,会員,7,1280,0,8960,3584,5376,0,50.6
2025-04-23,S062,中国,広島,小型,家電,テレビ,電話,会員,3,95000,0.05,270750,156750,114000,0,28.1
2025-04-23,S062,中国,広島,小型,食品,コーヒー豆,店頭,法人,14,1280,0.2,14336,7168,7168,0,35.7
2025-04-23,S062,中国,広島,小型,衣料,ダウンジャケット,電話,法人,13,18000,0.05,222300,117000,105300,0,22.3
2025-04-23,S062,中国,広島,小型,家電,エアコン,電話,会員,6,85000,0.05,484500,316200,168300,0,27.0
2025-04-23,S062,中国,広島,小型,衣料,Tシャツ,店頭,プレミアム会員,8,2400,0.2,15360,8064,7296,0,38.3
2025-04-23,S071,九州,福岡,小型,日用品,ティッシュ,EC,一般,10,420,0.1,3780,2310,1470,0,31.7
2025-04-23,S071,九州,福岡,小型,日用品,洗剤,店頭,法人,7,680,0.15,4046,2142,1904,0,21.7
2025-04-23,S071,九州,福岡,小型,衣料,Tシャツ,EC,一般,9,2400,0.2,17280,9072,8208,0,29.9
2025-04-23,S071,九州,福岡,小型,衣料,ダウンジャケット,電話,法人,10,18000,0.05,171000,90000,81000,0,42.0
2025-04-23,S072,九州,福岡,旗艦,食品,コーヒー豆,電話,プレミアム会員,43,1280,0,55040,22016,33024,2,40.0
2025-04-23,S072,九州,福岡,旗艦,衣料,ダウンジャケット,店頭,会員,47,18000,0.1,761400,423000,338400,2,28.9
2025-04-23,S072,九州,福岡,旗艦,食品,プレミアム米,EC,一般,57,4800,0,273600,131328,142272,1,31.2
2025-04-23,S072,九州,福岡,旗艦,衣料,Tシャツ,電話,法人,28,2400,0.15,57120,28224,28896,0,45.9
2025-04-23,S072,九州,福岡,旗艦,日用品,洗剤,EC,プレミアム会員,36,680,0.1,22032,11016,11016,1,29.7
2025-04-30,S011,北海道,札幌,小型,日用品,ティッシュ,店頭,一般,9,420,0,3780,2079,1701,0,34.4
2025-04-30,S011,北海道,札幌,小型,家電,冷蔵庫,電話,会員,14,128000,0.05,1702400,1039359,663041,1,10.1
2025-04-30,S011,北海道,札幌,小型,衣料,ダウンジャケット,電話,会員,14,18000,0,252000,126000,126000,1,27.5
2025-04-30,S011,北海道,札幌,小型,食品,プレミアム米,店頭,会員,10,4800,0.15,40800,23040,17760,0,0.4
2025-04-30,S011,北海道,札幌,小型,家電,エアコン,EC,一般,12,85000,0,1020000,632400,387600,0,23.7
2025-04-30,S011,北海道,札幌,小型,食品,コーヒー豆,EC,一般,15,1280,0,19200,7680,11520,1,30.8
2025-04-30,S012,北海道,札幌,旗艦,食品,プレミアム米,店頭,法人,28,4800,0.15,114240,64512,49728,1,16.2
2025-04-30,S012,北海道,札幌,旗艦,衣料,ダウンジャケット,EC,会員,28,18000,0.15,428400,252000,176400,0,30.9
2025-04-30,S012,北海道,札幌,旗艦,食品,コーヒー豆,電話,プレミアム会員,31,1280,0.15,33728,15872,17856,0,33.2
2025-04-30,S012,北海道,札幌,旗艦,日用品,ティッシュ,EC,プレミアム会員,46,420,0.05,18354,10626,7728,0,42.7
2025-04-30,S012,北海道,札幌,旗艦,衣料,Tシャツ,EC,会員,27,2400,0.1,58320,27216,31104,0,35.0
2025-04-30,S012,北海道,札幌,旗艦,家電,テレビ,EC,法人,65,95000,0,6175000,3396250,2778750,2,17.1
2025-04-30,S021,東北,仙台,旗艦,食品,プレミアム米,EC,一般,36,4800,0,172800,82944,89856,0,37.8
2025-04-30,S021,東北,仙台,旗艦,食品,コーヒー豆,EC,法人,51,1280,0,65280,26112,39168,1,45.2
2025-04-30,S021,東北,仙台,旗艦,衣料,Tシャツ,店頭,プレミアム会員,48,2400,0,115200,48384,66816,0,55.8
2025-04-30,S021,東北,仙台,旗艦,日用品,洗剤,電話,一般,61,680,0.2,33184,18666,14518,2,35.0
2025-04-30,S021,東北,仙台,旗艦,家電,冷蔵庫,電話,会員,46,128000,0,5888000,3415039,2472961,1,51.0
2025-04-30,S021,東北,仙台,旗艦,日用品,ティッシュ,店頭,プレミアム会員,39,420,0,16380,9009,7371,2,25.6
2025-04-30,S022,東北,仙台,小型,家電,エアコン,EC,一般,15,85000,0.1,1147500,790500,357000,0,35.8
2025-04-30,S022,東北,仙台,小型,衣料,ダウンジャケット,電話,一般,2,18000,0.1,32400,18000,14400,1,40.4
2025-04-30,S022,東北,仙台,小型,食品,プレミアム米,店頭,プレミアム会員,11,4800,0.05,50160,25344,24816,0,46.1
2025-04-30,S031,関東,東京,標準,家電,テレビ,店頭,一般,14,95000,0.2,1064000,731500,332500,1,60.3
2025-04-30,S031,関東,東京,標準,食品,コーヒー豆,店頭,会員,25,1280,0,32000,12800,19200,0,24.9
2025-04-30,S031,関東,東京,標準,衣料,Tシャツ,EC,法人,21,2400,0,50400,21168,29232,0,23.5
2025-04-30,S032,関東,東京,旗艦,日用品,洗剤,EC,プレミアム会員,52,680,0.2,28288,15912,12376,0,66.7
2025-04-30,S032,関東,東京,旗艦,家電,テレビ,店頭,一般,41,95000,0,3895000,2142250,1752750,0,61.2
2025-04-30,S032,関東,東京,旗艦,食品,プレミアム米,店頭,法人,58,4800,0.15,236640,133632,103008,1,36.1
2025-04-30,S032,関東,東京,旗艦,衣料,Tシャツ,電話,一般,36,2400,0.15,73440,36288,37152,2,27.3
2025-04-30,S032,関東,東京,旗艦,食品,コーヒー豆,電話,プレミアム会員,18,1280,0.15,19584,9216,10368,1,35.4
2025-04-30,S032,関東,東京,旗艦,日用品,ティッシュ,電話,プレミアム会員,36,420,0,15120,8316,6804,1,45.5
2025-04-30,S041,中部,名古屋,旗艦,食品,プレミアム米,電話,法人,31,4800,0.2,119040,71424,47616,0,17.7
2025-04-30,S041,中部,名古屋,旗艦,衣料,ダウンジャケット,EC,一般,23,18000,0,414000,207000,207000,0,27.2
2025-04-30,S041,中部,名古屋,旗艦,食品,コーヒー豆,電話,会員,25,1280,0,32000,12800,19200,0,42.7
2025-04-30,S041,中部,名古屋,旗艦,家電,冷蔵庫,電話,プレミアム会員,48,128000,0.2,4915200,3563519,1351681,0,43.0
2025-04-30,S042,中部,名古屋,旗艦,日用品,洗剤,店頭,一般,45,680,0.1,27540,13770,13770,0,27.7
2025-04-30,S042,中部,名古屋,旗艦,日用品,ティッシュ,電話,一般,42,420,0.05,16758,9702,7056,0,48.7
2025-04-30,S042,中部,名古屋,旗艦,食品,コーヒー豆,EC,プレミアム会員,61,1280,0.1,70272,31232,39040,1,21.7
2025-04-30,S042,中部,名古屋,旗艦,衣料,Tシャツ,電話,会員,29,2400,0,69600,29232,40368,0,47.0
2025-04-30,S042,中部,名古屋,旗艦,衣料,ダウンジャケット,電話,会員,36,18000,0,648000,324000,324000,0,41.4
2025-04-30,S051,関西,大阪,小型,食品,コーヒー豆,電話,法人,12,1280,0.2,12288,6144,6144,0,32.8
2025-04-30,S051,関西,大阪,小型,衣料,ダウンジャケット,EC,会員,6,18000,0,108000,54000,54000,0,24.6
2025-04-30,S051,関西,大阪,小型,家電,エアコン,電話,法人,7,85000,0.2,476000,368900,107100,0,44.1
2025-04-30,S051,関西,大阪,小型,家電,冷蔵庫,EC,法人,7,128000,0.15,761600,519679,241921,0,52.0
2025-04-30,S052,関西,大阪,旗艦,衣料,Tシャツ,EC,会員,36,2400,0.15,73440,36288,37152,0,28.8
2025-04-30,S052,関西,大阪,旗艦,家電,テレビ,電話,会員,37,95000,0,3515000,1933250,1581750,0,40.8
2025-04-30,S052,関西,大阪,旗艦,日用品,洗剤,店頭,法人,36,680,0,24480,11016,13464,1,40.8
2025-04-30,S052,関西,大阪,旗艦,食品,コーヒー豆,店頭,会員,47,1280,0,60160,24064,36096,1,25.5
2025-04-30,S061,中国,広島,小型,家電,テレビ,EC,会員,13,95000,0,1235000,679250,555750,0,17.4
2025-04-30,S061,中国,広島,小型,食品,プレミアム米,店頭,プレミアム会員,10,4800,0.05,45600,23040,22560,0,31.1
2025-04-30,S061,中国,広島,小型,家電,エアコン,EC,法人,8,85000,0.05,646000,421600,224400,1,10.4
2025-04-30,S061,中国,広島,小型,衣料,Tシャツ,店頭,会員,6,2400,0.05,13680,6048,7632,0,26.6
2025-04-30,S062,中国,広島,小型,家電,冷蔵庫,EC,一般,8,128000,0.15,870400,593920,276480,1,17.5
2025-04-30,S062,中国,広島,小型,食品,プレミアム米,電話,一般,13,4800,0.1,56160,29952,26208,0,15.9
2025-04-30,S062,中国,広島,小型,日用品,洗剤,EC,一般,6,680,0.15,3468,1836,1632,0,27.1
2025-04-30,S062,中国,広島,小型,衣料,Tシャツ,電話,一般,13,2400,0.2,24960,13104,11856,0,4.7
2025-04-30,S062,中国,広島,小型,衣料,ダウンジャケット,店頭,会員,10,18000,0,180000,90000,90000,0,38.0
2025-04-30,S071,九州,福岡,小型,家電,冷蔵庫,店頭,プレミアム会員,7,128000,0.2,716800,519679,197121,0,33.4
2025-04-30,S071,九州,福岡,小型,食品,コーヒー豆,店頭,一般,9,1280,0,11520,4608,6912,0,27.4
2025-04-30,S071,九州,福岡,小型,日用品,洗剤,店頭,プレミアム会員,10,680,0.05,6460,3060,3400,0,43.2
2025-04-30,S071,九州,福岡,小型,日用品,ティッシュ,EC,会員,9,420,0,3780,2079,1701,0,20.2
2025-04-30,S071,九州,福岡,小型,家電,エアコン,店頭,プレミアム会員,13,85000,0,1105000,685100,419900,1,29.0
2025-04-30,S071,九州,福岡,小型,食品,プレミアム米,店頭,一般,13,4800,0,62400,29952,32448,0,46.1
2025-04-30,S072,九州,福岡,旗艦,衣料,ダウンジャケット,店頭,プレミアム会員,28,18000,0.05,478800,252000,226800,0,61.7
2025-04-30,S072,九州,福岡,旗艦,食品,プレミアム米,店頭,プレミアム会員,43,4800,0.1,185760,99072,86688,2,40.9
2025-04-30,S072,九州,福岡,旗艦,家電,エアコン,店頭,会員,35,85000,0,2975000,1844500,1130500,1,38.0
2025-04-30,S072,九州,福岡,旗艦,家電,テレビ,店頭,プレミアム会員,28,95000,0.1,2394000,1463000,931000,2,43.1
2025-05-07,S011,北海道,札幌,小型,衣料,Tシャツ,電話,会員,16,2400,0.05,36480,16128,20352,0,28.7
2025-05-07,S011,北海道,札幌,小型,衣料,ダウンジャケット,電話,法人,12,18000,0,216000,108000,108000,0,23.1
2025-05-07,S011,北海道,札幌,小型,家電,エアコン,電話,プレミアム会員,14,85000,0.1,1071000,737800,333200,0,49.7
2025-05-07,S011,北海道,札幌,小型,食品,プレミアム米,電話,一般,10,4800,0.2,38400,23040,15360,1,41.8
2025-05-07,S011,北海道,札幌,小型,日用品,洗剤,EC,法人,10,680,0.2,5440,3060,2380,1,22.4
2025-05-07,S011,北海道,札幌,小型,家電,テレビ,EC,プレミアム会員,14,95000,0.2,1064000,731500,332500,0,35.8
2025-05-07,S012,北海道,札幌,旗艦,食品,コーヒー豆,店頭,会員,39,1280,0.05,47424,19968,27456,0,31.7
2025-05-07,S012,北海道,札幌,旗艦,日用品,洗剤,店頭,法人,40,680,0.1,24480,12240,12240,2,18.6
2025-05-07,S012,北海道,札幌,旗艦,衣料,ダウンジャケット,EC,一般,44,18000,0,792000,396000,396000,0,5.4
2025-05-07,S012,北海道,札幌,旗艦,日用品,ティッシュ,電話,法人,33,420,0.15,11781,7623,4158,2,52.5
2025-05-07,S012,北海道,札幌,旗艦,家電,テレビ,EC,プレミアム会員,22,95000,0.2,1672000,1149500,522500,1,44.5
2025-05-07,S021,東北,仙台,旗艦,食品,コーヒー豆,EC,プレミアム会員,38,1280,0,48640,19456,29184,1,53.9
2025-05-07,S021,東北,仙台,旗艦,日用品,洗剤,EC,会員,41,680,0,27880,12546,15334,1,43.6
2025-05-07,S021,東北,仙台,旗艦,衣料,ダウンジャケット,電話,会員,43,18000,0,774000,387000,387000,1,51.0
2025-05-07,S021,東北,仙台,旗艦,家電,エアコン,EC,一般,50,85000,0.05,4037500,2635000,1402500,0,33.8
2025-05-07,S021,東北,仙台,旗艦,家電,冷蔵庫,電話,会員,46,128000,0,5888000,3415039,2472961,0,19.5
2025-05-07,S021,東北,仙台,旗艦,衣料,Tシャツ,店頭,プレミアム会員,61,2400,0.1,131760,61488,70272,0,43.7
2025-05-07,S022,東北,仙台,小型,衣料,Tシャツ,電話,法人,7,2400,0,16800,7056,9744,1,23.5
2025-05-07,S022,東北,仙台,小型,日用品,ティッシュ,電話,一般,11,420,0.2,3696,2541,1155,0,39.6
2025-05-07,S022,東北,仙台,小型,食品,コーヒー豆,電話,法人,9,1280,0.05,10944,4608,6336,0,45.5
2025-05-07,S031,関東,東京,標準,家電,エアコン,EC,プレミアム会員,26,85000,0,2210000,1370200,839800,0,60.9
2025-05-07,S031,関東,東京,標準,日用品,ティッシュ,電話,会員,13,420,0.15,4641,3003,1638,0,32.2
2025-05-07,S031,関東,東京,標準,日用品,洗剤,店頭,会員,24,680,0.15,13872,7344,6528,1,28.0
2025-05-07,S031,関東,東京,標準,衣料,ダウンジャケット,EC,一般,20,18000,0.1,324000,180000,144000,1,3.2
2025-05-07,S032,関東,東京,旗艦,日用品,洗剤,店頭,プレミアム会員,31,680,0,21080,9486,11594,0,47.7
2025-05-07,S032,関東,東京,旗艦,家電,冷蔵庫,店頭,法人,23,128000,0.1,2649600,1707519,942081,2,53.0
2025-05-07,S032,関東,東京,旗艦,衣料,Tシャツ,店頭,法人,30,2400,0,72000,30240,41760,2,30.9
2025-05-07,S032,関東,東京,旗艦,衣料,ダウンジャケット,EC,一般,35,18000,0,630000,315000,315000,0,21.8
2025-05-07,S032,関東,東京,旗艦,家電,テレビ,店頭,一般,30,95000,0.05,2707500,1567500,1140000,0,16.4
2025-05-07,S041,中部,名古屋,旗艦,日用品,洗剤,電話,一般,49,680,0,33320,14994,18326,0,15.4
2025-05-07,S041,中部,名古屋,旗艦,家電,エアコン,店頭,法人,24,85000,0,2040000,1264800,775200,0,42.9
2025-05-07,S041,中部,名古屋,旗艦,衣料,Tシャツ,店頭,会員,49,2400,0.1,105840,49392,56448,1,40.2
2025-05-07,S041,中部,名古屋,旗艦,食品,プレミアム米,EC,法人,23,4800,0,110400,52992,57408,0,30.9
2025-05-07,S041,中部,名古屋,旗艦,食品,コーヒー豆,店頭,会員,61,1280,0,78080,31232,46848,0,22.7
2025-05-07,S041,中部,名古屋,旗艦,日用品,ティッシュ,電話,プレミアム会員,30,420,0.2,10080,6930,3150,2,53.2
2025-05-07,S042,中部,名古屋,旗艦,日用品,ティッシュ,電話,会員,50,420,0,21000,11550,9450,1,52.1
2025-05-07,S042,中部,名古屋,旗艦,食品,コーヒー豆,電話,一般,33,1280,0,42240,16896,25344,0,24.9
2025-05-07,S042,中部,名古屋,旗艦,家電,エアコン,店頭,プレミアム会員,33,85000,0,2805000,1739100,1065900,0,28.9
2025-05-07,S042,中部,名古屋,旗艦,衣料,Tシャツ,EC,プレミアム会員,49,2400,0,117600,49392,68208,0,35.7
2025-05-07,S042,中部,名古屋,旗艦,衣料,ダウンジャケット,店頭,一般,31,18000,0.05,530100,279000,251100,2,11.5
2025-05-07,S051,関西,大阪,小型,日用品,洗剤,電話,会員,10,680,0.2,5440,3060,2380,1,20.3
2025-05-07,S051,関西,大阪,小型,家電,エアコン,店頭,法人,14,85000,0,1190000,737800,452200,0,28.8
2025-05-07,S051,関西,大阪,小型,食品,コーヒー豆,店頭,一般,7,1280,0,8960,3584,5376,1,28.0
2025-05-07,S051,関西,大阪,小型,家電,冷蔵庫,電話,プレミアム会員,11,128000,0,1408000,816640,591360,0,43.8
2025-05-07,S051,関西,大阪,小型,食品,プレミアム米,EC,会員,10,4800,0,48000,23040,24960,0,21.8
2025-05-07,S051,関西,大阪,小型,衣料,Tシャツ,店頭,会員,13,2400,0,31200,13104,18096,0,38.4
2025-05-07,S052,関西,大阪,旗艦,家電,エアコン,電話,一般,35,85000,0.05,2826250,1844500,981750,1,31.4
2025-05-07,S052,関西,大阪,旗艦,家電,テレビ,電話,会員,61,95000,0.1,5215500,3187250,2028250,4,24.0
2025-05-07,S052,関西,大阪,旗艦,日用品,洗剤,EC,一般,58,680,0,39440,17748,21692,2,32.2
2025-05-07,S061,中国,広島,小型,食品,コーヒー豆,電話,会員,8,1280,0.2,8192,4096,4096,0,25.3
2025-05-07,S061,中国,広島,小型,衣料,Tシャツ,EC,会員,15,2400,0.2,28800,15120,13680,0,40.0
2025-05-07,S061,中国,広島,小型,日用品,ティッシュ,電話,法人,12,420,0,5040,2772,2268,0,9.2
2025-05-07,S061,中国,広島,小型,日用品,洗剤,電話,一般,11,680,0.15,6358,3366,2992,1,30.1
2025-05-07,S061,中国,広島,小型,家電,冷蔵庫,電話,法人,7,128000,0,896000,519679,376321,0,40.4
2025-05-07,S061,中国,広島,小型,家電,エアコン,電話,法人,9,85000,0,765000,474300,290700,0,15.1
2025-05-07,S062,中国,広島,小型,日用品,洗剤,EC,会員,7,680,0.05,4522,2142,2380,0,42.4
2025-05-07,S062,中国,広島,小型,衣料,Tシャツ,EC,会員,12,2400,0.1,25920,12096,13824,0,47.3
2025-05-07,S062,中国,広島,小型,家電,冷蔵庫,EC,法人,12,128000,0.1,1382400,890879,491521,0,42.8
2025-05-07,S071,九州,福岡,小型,衣料,Tシャツ,EC,プレミアム会員,10,2400,0.05,22800,10080,12720,0,57.8
2025-05-07,S071,九州,福岡,小型,食品,コーヒー豆,EC,一般,10,1280,0,12800,5120,7680,0,24.2
2025-05-07,S071,九州,福岡,小型,日用品,洗剤,電話,一般,11,680,0,7480,3366,4114,0,38.3
2025-05-07,S071,九州,福岡,小型,食品,プレミアム米,電話,会員,11,4800,0,52800,25344,27456,0,40.1
2025-05-07,S071,九州,福岡,小型,衣料,ダウンジャケット,EC,プレミアム会員,11,18000,0,198000,99000,99000,1,65.0
2025-05-07,S071,九州,福岡,小型,日用品,ティッシュ,電話,プレミアム会員,9,420,0,3780,2079,1701,0,35.3
2025-05-07,S072,九州,福岡,旗艦,食品,プレミアム米,EC,会員,45,4800,0.15,183600,103680,79920,0,29.9
2025-05-07,S072,九州,福岡,旗艦,衣料,Tシャツ,電話,法人,26,2400,0.15,53040,26208,26832,0,19.9
2025-05-07,S072,九州,福岡,旗艦,衣料,ダウンジャケット,店頭,プレミアム会員,47,18000,0.15,719100,423000,296100,0,33.8
2025-05-07,S072,九州,福岡,旗艦,日用品,ティッシュ,電話,一般,46,420,0,19320,10626,8694,2,48.7
2025-05-07,S072,九州,福岡,旗艦,家電,エアコン,EC,一般,22,85000,0,1870000,1159400,710600,0,23.3
2025-05-14,S011,北海道,札幌,小型,衣料,Tシャツ,店頭,会員,12,2400,0,28800,12096,16704,0,21.1
2025-05-14,S011,北海道,札幌,小型,日用品,ティッシュ,電話,法人,12,420,0.05,4788,2772,2016,0,40.9
2025-05-14,S011,北海道,札幌,小型,家電,テレビ,EC,一般,11,95000,0,1045000,574750,470250,0,24.4
2025-05-14,S011,北海道,札幌,小型,衣料,ダウンジャケット,EC,一般,12,18000,0,216000,108000,108000,1,48.0
2025-05-14,S011,北海道,札幌,小型,家電,エアコン,EC,一般,10,85000,0,850000,527000,323000,0,55.1
2025-05-14,S011,北海道,札幌,小型,食品,コーヒー豆,EC,プレミアム会員,10,1280,0.1,11520,5120,6400,0,48.7
2025-05-14,S012,北海道,札幌,旗艦,家電,テレビ,EC,法人,41,95000,0,3895000,2142250,1752750,1,29.6
2025-05-14,S012,北海道,札幌,旗艦,食品,コーヒー豆,EC,法人,39,1280,0.2,39936,19968,19968,0,36.6
2025-05-14,S012,北海道,札幌,旗艦,食品,プレミアム米,EC,法人,63,4800,0.2,241920,145152,96768,0,16.8
2025-05-14,S021,東北,仙台,旗艦,日用品,洗剤,店頭,法人,51,680,0.2,27744,15606,12138,1,30.2
2025-05-14,S021,東北,仙台,旗艦,衣料,ダウンジャケット,電話,法人,50,18000,0.05,855000,450000,405000,0,30.8
2025-05-14,S021,東北,仙台,旗艦,家電,テレビ,店頭,プレミアム会員,23,95000,0,2185000,1201750,983250,0,39.2
2025-05-14,S021,東北,仙台,旗艦,家電,冷蔵庫,EC,法人,21,128000,0.1,2419200,1559040,860160,1,9.1
2025-05-14,S021,東北,仙台,旗艦,家電,エアコン,EC,会員,47,85000,0.05,3795250,2476900,1318350,2,4.5
2025-05-14,S022,東北,仙台,小型,家電,冷蔵庫,店頭,会員,11,128000,0,1408000,816640,591360,1,20.0
2025-05-14,S022,東北,仙台,小型,食品,プレミアム米,電話,一般,8,4800,0,38400,18432,19968,0,40.4
2025-05-14,S022,東北,仙台,小型,食品,コーヒー豆,電話,一般,8,1280,0,10240,4096,6144,0,32.6
2025-05-14,S022,東北,仙台,小型,家電,エアコン,EC,法人,7,85000,0.1,535500,368900,166600,0,32.7
2025-05-14,S031,関東,東京,標準,食品,プレミアム米,店頭,一般,22,4800,0,105600,50688,54912,2,47.7
2025-05-14,S031,関東,東京,標準,食品,コーヒー豆,EC,法人,19,1280,0.1,21888,9728,12160,0,19.5
2025-05-14,S031,関東,東京,標準,衣料,ダウンジャケット,EC,会員,13,18000,0.05,222300,117000,105300,1,9.2
2025-05-14,S031,関東,東京,標準,日用品,洗剤,店頭,一般,18,680,0,12240,5508,6732,0,18.3
2025-05-14,S031,関東,東京,標準,家電,冷蔵庫,店頭,一般,20,128000,0.15,2176000,1484800,691200,0,42.8
2025-05-14,S031,関東,東京,標準,衣料,Tシャツ,店頭,会員,18,2400,0.1,38880,18144,20736,0,33.9
2025-05-14,S032,関東,東京,旗艦,食品,プレミアム米,店頭,一般,58,4800,0,278400,133632,144768,1,9.7
2025-05-14,S032,関東,東京,旗艦,日用品,ティッシュ,店頭,プレミアム会員,46,420,0,19320,10626,8694,0,13.1
2025-05-14,S032,関東,東京,旗艦,日用品,洗剤,EC,会員,57,680,0.15,32946,17442,15504,0,22.6
2025-05-14,S041,中部,名古屋,旗艦,家電,テレビ,EC,一般,44,95000,0.15,3553000,2299000,1254000,0,33.0
2025-05-14,S041,中部,名古屋,旗艦,衣料,Tシャツ,電話,法人,47,2400,0.05,107160,47376,59784,1,35.7
2025-05-14,S041,中部,名古屋,旗艦,家電,エアコン,EC,プレミアム会員,45,85000,0,3825000,2371500,1453500,1,53.3
2025-05-14,S042,中部,名古屋,旗艦,家電,冷蔵庫,EC,一般,40,128000,0,5120000,2969600,2150400,1,21.9
2025-05-14,S042,中部,名古屋,旗艦,日用品,ティッシュ,電話,法人,45,420,0.1,17010,10395,6615,0,37.0
2025-05-14,S042,中部,名古屋,旗艦,食品,コーヒー豆,電話,会員,13,1280,0,16640,6656,9984,1,25.9
2025-05-14,S042,中部,名古屋,旗艦,衣料,ダウンジャケット,電話,法人,25,18000,0.15,382500,225000,157500,0,35.0
2025-05-14,S051,関西,大阪,小型,衣料,ダウンジャケット,電話,法人,11,18000,0.05,188100,99000,89100,0,28.6
2025-05-14,S051,関西,大阪,小型,家電,冷蔵庫,電話,一般,10,128000,0,1280000,742400,537600,1,22.9
2025-05-14,S051,関西,大阪,小型,家電,テレビ,店頭,一般,14,95000,0,1330000,731500,598500,1,40.7
2025-05-14,S051,関西,大阪,小型,家電,エアコン,店頭,会員,6,85000,0,510000,316200,193800,1,44.4
2025-05-14,S051,関西,大阪,小型,日用品,ティッシュ,EC,プレミアム会員,8,420,0,3360,1848,1512,0,62.0
2025-05-14,S052,関西,大阪,旗艦,衣料,Tシャツ,EC,一般,42,2400,0,100800,42336,58464,2,30.7
2025-05-14,S052,関西,大阪,旗艦,食品,プレミアム米,電話,会員,54,4800,0.2,207360,124416,82944,0,12.3
2025-05-14,S052,関西,大阪,旗艦,食品,コーヒー豆,電話,法人,32,1280,0.15,34816,16384,18432,0,54.2
2025-05-14,S061,中国,広島,小型,日用品,洗剤,店頭,会員,10,680,0,6800,3060,3740,1,38.8
2025-05-14,S061,中国,広島,小型,家電,エアコン,店頭,会員,6,85000,0.05,484500,316200,168300,0,22.8
2025-05-14,S061,中国,広島,小型,食品,コーヒー豆,店頭,法人,14,1280,0,17920,7168,10752,0,23.7
2025-05-14,S062,中国,広島,小型,日用品,洗剤,EC,法人,11,680,0.1,6732,3366,3366,1,20.1
2025-05-14,S062,中国,広島,小型,日用品,ティッシュ,店頭,法人,7,420,0,2940,1617,1323,0,17.4
2025-05-14,S062,中国,広島,小型,食品,プレミアム米,店頭,プレミアム会員,8,4800,0.15,32640,18432,14208,0,50.3
2025-05-14,S062,中国,広島,小型,衣料,Tシャツ,EC,法人,12,2400,0,28800,12096,16704,0,41.6
2025-05-14,S062,中国,広島,小型,家電,エアコン,店頭,プレミアム会員,12,85000,0,1020000,632400,387600,1,45.9
2025-05-14,S062,中国,広島,小型,家電,テレビ,電話,プレミアム会員,9,95000,0.05,812250,470250,342000,0,52.0
2025-05-14,S071,九州,福岡,小型,食品,コーヒー豆,EC,一般,11,1280,0.1,12672,5632,7040,0,40.7
2025-05-14,S071,九州,福岡,小型,食品,プレミアム米,EC,プレミアム会員,14,4800,0.1,60480,32256,28224,0,28.5
2025-05-14,S071,九州,福岡,小型,日用品,洗剤,EC,一般,6,680,0.15,3468,1836,1632,0,30.3
2025-05-14,S071,九州,福岡,小型,家電,テレビ,EC,一般,13,95000,0.15,1049750,679250,370500,0,24.1
2025-05-14,S071,九州,福岡,小型,日用品,ティッシュ,電話,法人,11,420,0,4620,2541,2079,0,6.3
2025-05-14,S071,九州,福岡,小型,家電,エアコン,店頭,一般,5,85000,0,425000,263500,161500,0,12.9
2025-05-14,S072,九州,福岡,旗艦,食品,プレミアム米,EC,プレミアム会員,34,4800,0.1,146880,78336,68544,0,38.6
2025-05-14,S072,九州,福岡,旗艦,家電,冷蔵庫,EC,法人,30,128000,0.2,3072000,2227200,844800,1,16.4
2025-05-14,S072,九州,福岡,旗艦,日用品,ティッシュ,店頭,一般,26,420,0,10920,6006,4914,0,33.7
2025-05-14,S072,九州,福岡,旗艦,衣料,ダウンジャケット,店頭,法人,31,18000,0.15,474300,279000,195300,0,63.0
2025-05-14,S072,九州,福岡,旗艦,日用品,洗剤,EC,一般,56,680,0.05,36176,17136,19040,2,12.7
2025-05-14,S072,九州,福岡,旗艦,食品,コーヒー豆,電話,法人,37,1280,0,47360,18944,28416,1,36.9
